code,baseyear,geo_code2_new,poor215_ln
AGO,2018,AGO_2015_ADM1_401,0.125271440192129
AGO,2018,AGO_2015_ADM1_405,0.520963611713666
AGO,2018,AGO_2015_ADM1_400,0.491472265261853
AGO,2018,AGO_2015_ADM1_412,0.570566125658506
AGO,2018,AGO_2015_ADM1_402,0.51355555856833
AGO,2018,AGO_2015_ADM1_413,0.269422761078401
AGO,2018,AGO_2015_ADM1_406,0.521405980787109
AGO,2018,AGO_2015_ADM1_404,0.613668128292532
AGO,2018,AGO_2015_ADM1_410,0.492831050511311
AGO,2018,AGO_2015_ADM1_398,0.388269178029129
AGO,2018,AGO_2015_ADM1_415,0.173230852959405
AGO,2018,AGO_2015_ADM1_414,0.441611609079641
AGO,2018,AGO_2015_ADM1_408,0.0875539161760149
AGO,2018,AGO_2015_ADM1_407,0.441954226061357
AGO,2018,AGO_2015_ADM1_403,0.578221087697552
AGO,2018,AGO_2015_ADM1_411,0.516538797644872
AGO,2018,AGO_2015_ADM1_409,0.30471657886582
AGO,2018,AGO_2015_ADM1_399,0.416105628292532
ALB,2019,ALB_2015_ADMx_3_1,0
ALB,2019,ALB_2015_ADMx_3_6,0
ALB,2019,ALB_2015_ADMx_3_7,0
ALB,2019,ALB_2015_ADMx_3_8,0
ALB,2019,ALB_2015_ADMx_3_9,0
ALB,2019,ALB_2015_ADMx_3_12,0
ALB,2019,ALB_2015_ADMx_3_2,0
ALB,2019,ALB_2015_ADMx_3_10,0
ALB,2019,ALB_2015_ADMx_3_11,0
ALB,2019,ALB_2015_ADMx_3_5,0
ALB,2019,ALB_2015_ADMx_3_3,0
ALB,2019,ALB_2015_ADMx_3_4,0
ARE,2019,ARE_2015_ADM0_255,0
ARG,2019,ARG_2015_ADM0_12,0.00914678333333333
ARM,2019,ARM_2015_ADM1_463,0
ARM,2019,ARM_2015_ADM1_464,0.00162060776699029
ARM,2019,ARM_2015_ADM1_460,0.00840599611650485
ARM,2019,ARM_2015_ADM1_461,0.00178692427184466
ARM,2019,ARM_2015_ADM1_462,0
ARM,2019,ARM_2015_ADM1_453,0.0162963388349515
ARM,2019,ARM_2015_ADM1_454,0.000499130097087379
ARM,2019,ARM_2015_ADM1_455,0.00145167281553398
ARM,2019,ARM_2015_ADM1_456,0.00464885631067961
ARM,2019,ARM_2015_ADM1_458,0.00440025436893204
ARM,2019,ARM_2015_ADM1_457,0.00189024757281553
AUS,2018,AUS_2015_ADM1_474,0.0045026321895
AUS,2018,AUS_2015_ADM1_477,0.0055260057561
AUS,2018,AUS_2015_ADM1_475,0.0021681580693
AUS,2018,AUS_2015_ADM1_471,0.00144369818416685
AUS,2018,AUS_2015_ADM1_473,0.0065206089057
AUS,2018,AUS_2015_ADM1_470,0.0067028552294
AUS,2018,AUS_2015_ADM1_476,0.0021152724512
AUT,2020,AUT_2015_ADMx_NUTS_AT1,0.011165240625
AUT,2020,AUT_2015_ADMx_NUTS_AT2,0.0033066
AUT,2020,AUT_2015_ADMx_NUTS_AT3,0.003702909375
AZE,2005,AZE_2015_ADM1_147304,
AZE,2005,AZE_2015_ADM2_495,
AZE,2005,AZE_2015_ADM1_147299,
AZE,2005,AZE_2015_ADM1_147303,
AZE,2005,AZE_2015_ADM1_147297,
AZE,2005,AZE_2015_ADM1_147300,
AZE,2005,AZE_2015_ADM1_147305,
AZE,2005,AZE_2015_ADM1_147301,
AZE,2005,AZE_2015_ADM1_147298,
AZE,2005,AZE_2015_ADM1_147306,
BDI,2013,BDI_2015_ADM1_40542,0.780445394043974
BDI,2013,BDI_2015_ADM1_40551,0.760378807681603
BDI,2013,BDI_2015_ADM1_40552,0.712145249540774
BDI,2013,BDI_2015_ADM1_40553,0.924831141664347
BDI,2013,BDI_2015_ADM1_40554,0.695388599833009
BDI,2013,BDI_2015_ADM1_40555,0.702610548065683
BDI,2013,BDI_2015_ADM1_40556,0.829283977957139
BDI,2013,BDI_2015_ADM1_40557,0.929945166267743
BDI,2013,BDI_2015_ADM1_40558,0.203872215307542
BDI,2013,BDI_2015_ADM1_40543,0.596819868633454
BDI,2013,BDI_2015_ADM1_40544,0.623143068633454
BDI,2013,BDI_2015_ADM1_40545,0.882093590425828
BDI,2013,BDI_2015_ADM1_40546,0.684833820428611
BDI,2013,BDI_2015_ADM1_40547,0.852979497912608
BDI,2013,BDI_2015_ADM1_40548,0.884464648371834
BDI,2013,BDI_2015_ADM1_40549,0.833200161424993
BDI,2013,BDI_2015_ADM1_40550,0.85105666373504
BEL,2020,BEL_2015_ADM1_600,0.0002195
BEL,2020,BEL_2015_ADM1_601,0.00019875
BEL,2020,BEL_2015_ADM1_602,0.0002904375
BEN,2018,BEN_2015_ADM1_609,0.178785508329022
BEN,2018,BEN_2015_ADM1_618,0.0372726799793068
BEN,2018,BEN_2015_ADM1_619,0.188337022038282
BEN,2018,BEN_2015_ADM1_620,0.184357950543197
BEN,2018,BEN_2015_ADM1_610,0.27811681184687
BEN,2018,BEN_2015_ADM1_611,0.0896019762027936
BEN,2018,BEN_2015_ADM1_612,0.299317671288153
BEN,2018,BEN_2015_ADM1_613,0.0936319712364201
BEN,2018,BEN_2015_ADM1_614,0.233060787273668
BEN,2018,BEN_2015_ADM1_615,0.180252575271599
BEN,2018,BEN_2015_ADM1_616,0.0167253672012416
BEN,2018,BEN_2015_ADM1_617,0.170066527470253
BFA,2018,BFA_2015_ADM1_40276,0.309992241935484
BFA,2018,BFA_2015_ADM1_40285,0.562865822580645
BFA,2018,BFA_2015_ADM1_40286,0.246276961388074
BFA,2018,BFA_2015_ADM1_40287,0.311411254154448
BFA,2018,BFA_2015_ADM1_40288,0.295240665200391
BFA,2018,BFA_2015_ADM1_40277,0.148740647605083
BFA,2018,BFA_2015_ADM1_40278,0.0188636275659824
BFA,2018,BFA_2015_ADM1_40279,0.378654774682307
BFA,2018,BFA_2015_ADM1_40280,0.501824337243402
BFA,2018,BFA_2015_ADM1_40281,0.365777543010753
BFA,2018,BFA_2015_ADM1_40282,0.115691897360704
BFA,2018,BFA_2015_ADM1_40283,0.293182187194526
BFA,2018,BFA_2015_ADM1_40284,0.189356959921799
BGD,2016,BGD_2015_ADM1_575,0.0545169856
BGD,2016,BGD_2015_ADM1_576,0.0163943296
BGD,2016,BGD_2015_ADM1_577,0.0227644736
BGD,2016,BGD_2015_ADM1_578,0.0533099072
BGD,2016,BGD_2015_ADM1_61362,0.0612689792
BGD,2016,BGD_2015_ADM1_61363,0.1505527936
BGD,2016,BGD_2015_ADM1_580,0.0411465472
BGR,2020,BGR_2015_ADMx_NUTS_BG4,0.0009196
BGR,2020,BGR_2015_ADMx_NUTS_BG3,0.0022836347826087
BIH,2011,BIH_2015_ADM2_6262,0
BIH,2011,BIH_2015_ADM1_652,0.0009149
BIH,2011,BIH_2015_ADM1_653,0
BLR,2019,BLR_2015_ADM1_596,0
BLR,2019,BLR_2015_ADM1_597,0
BLR,2019,BLR_2015_ADM1_593,0
BLR,2019,BLR_2015_ADM1_598,0
BLR,2019,BLR_2015_ADM1_594,0
BLR,2019,BLR_2015_ADM1_595,0
BLR,2019,BLR_2015_ADM1_599,0
BLZ,1999,BLZ_2015_ADM0_28,0.189036042990142
BOL,2019,BOL_2015_ADM1_40444,0.0641838
BOL,2019,BOL_2015_ADM1_40446,0.0177123958333333
BOL,2019,BOL_2015_ADM1_40445,0.0217126708333333
BOL,2019,BOL_2015_ADM1_40447,0.0214614916666667
BOL,2019,BOL_2015_ADM1_40448,0.0375441458333333
BOL,2019,BOL_2015_ADM1_40450,0.008239175
BOL,2019,BOL_2015_ADM1_40449,0.00444724166666667
BOL,2019,BOL_2015_ADM1_40443_648,0.0175975875
BRA,2019,BRA_2015_ADM1_686,0.0360993959183673
BRA,2019,BRA_2015_ADM1_665,0.146208225602968
BRA,2019,BRA_2015_ADM1_668,0.133013248237477
BRA,2019,BRA_2015_ADM1_687,0.0990583628942486
BRA,2019,BRA_2015_ADM1_678,0.10058186567718
BRA,2019,BRA_2015_ADM1_667,0.0624507962894249
BRA,2019,BRA_2015_ADM1_691,0.0667071168831169
BRA,2019,BRA_2015_ADM1_674,0.188423029313544
BRA,2019,BRA_2015_ADM1_682,0.118136513543599
BRA,2019,BRA_2015_ADM1_670,0.102574379220779
BRA,2019,BRA_2015_ADM1_684,0.0952606575139146
BRA,2019,BRA_2015_ADM1_679,0.115606863079777
BRA,2019,BRA_2015_ADM1_681,0.115451939146568
BRA,2019,BRA_2015_ADM1_666,0.144246091280148
BRA,2019,BRA_2015_ADM1_690,0.106059511688312
BRA,2019,BRA_2015_ADM1_669,0.10532667606679
BRA,2019,BRA_2015_ADM1_677,0.0278911525046382
BRA,2019,BRA_2015_ADM1_672,0.0232852185528757
BRA,2019,BRA_2015_ADM1_683,0.0282732645640074
BRA,2019,BRA_2015_ADM1_689,0.0175509135435993
BRA,2019,BRA_2015_ADM1_680,0.0188618627087199
BRA,2019,BRA_2015_ADM1_688,0.00973881113172541
BRA,2019,BRA_2015_ADM1_685,0.0158088014842301
BRA,2019,BRA_2015_ADM1_676,0.0169524126159555
BRA,2019,BRA_2015_ADM1_675,0.0214522716141002
BRA,2019,BRA_2015_ADM1_673,0.0258085105751391
BRA,2019,BRA_2015_ADM1_671,0.0105002092764378
BTN,2017,BTN_2015_ADM1_623,0
BTN,2017,BTN_2015_ADM1_41309,0
BTN,2017,BTN_2015_ADM1_629,0
BTN,2017,BTN_2015_ADM1_635,0
BTN,2017,BTN_2015_ADM1_631,0
BTN,2017,BTN_2015_ADM1_625,0
BTN,2017,BTN_2015_ADM1_640,0
BTN,2017,BTN_2015_ADM1_622,0
BTN,2017,BTN_2015_ADM1_638,0
BTN,2017,BTN_2015_ADM1_41314,0
BTN,2017,BTN_2015_ADM1_627,0
BTN,2017,BTN_2015_ADM1_628,0
BTN,2017,BTN_2015_ADM1_637,0
BTN,2017,BTN_2015_ADM1_636,0
BTN,2017,BTN_2015_ADM1_41310,0
BTN,2017,BTN_2015_ADM1_41311,0
BTN,2017,BTN_2015_ADM1_41312,0
BTN,2017,BTN_2015_ADM1_41313,0
BTN,2017,BTN_2015_ADM1_639,0
BTN,2017,BTN_2015_ADM1_41308,0
BWA,2015,BWA_2015_GADM2_ BWA_BWA.4_1_BWA.4.,0.0375352961854899
BWA,2015,BWA_2015_GADM2_ BWA_BWA.3_1_BWA.3.,0.0422801186237846
BWA,2015,BWA_2015_GADMx_35_1,0.0131075419596111
BWA,2015,BWA_2015_GADMx_35_2,0.112501997980553
BWA,2015,BWA_2015_GADMx_35_3,0.145797940987285
BWA,2015,BWA_2015_GADMx_35_4,0.114750615557218
BWA,2015,BWA_2015_GADMx_35_5,0.243756802543007
CAF,2008,CAF_2015_ADMx_49_6,0.656695228650562
CAF,2008,CAF_2015_ADMx_49_2,0.596373280043084
CAF,2008,CAF_2015_ADMx_49_7,0.82198870810894
CAF,2008,CAF_2015_ADMx_49_4,0.7706313278966
CAF,2008,CAF_2015_ADMx_49_3,0.641105747345745
CAF,2008,CAF_2015_ADMx_49_5,0.820299850130789
CAF,2008,CAF_2015_ADMx_49_1,0.40625642437298
CAN,2018,CAN_2015_ADM1_829,0.0013716
CAN,2018,CAN_2015_ADM1_834,0.00465214
CAN,2018,CAN_2015_ADM1_831,0.00315456
CAN,2018,CAN_2015_ADM1_828,0.00189023
CAN,2018,CAN_2015_ADM1_835,0.00084793
CAN,2018,CAN_2015_ADM1_833,0.00223229
CAN,2018,CAN_2015_ADM1_827,0.00255085
CAN,2018,CAN_2015_ADM1_836,0.00315092
CAN,2018,CAN_2015_ADM1_825,0.00311565
CAN,2018,CAN_2015_ADM1_826,0.00450894
CHE,2019,CHE_2015_ADM0_237,0.0002607
CHL,2019,CHL_2015_ADM2_12975,0.0150421206896552
CHL,2019,CHL_2015_ADMx_51_2,0.00706740517241379
CHL,2019,CHL_2015_ADM1_886,0.00452747413793103
CHL,2019,CHL_2015_ADM1_891,0.00268909482758621
CHL,2019,CHL_2015_ADM1_893,0.00618654310344828
CHL,2019,CHL_2015_ADM2_12958,0.00409634482758621
CHL,2019,CHL_2015_ADMx_51_3,0.0075244224137931
CHL,2019,CHL_2015_ADM2_12947,0.00588261206896552
CHL,2019,CHL_2015_ADM1_883,0.0114538965517241
CHL,2019,CHL_2015_ADM1_885,0.00583935344827586
CHL,2019,CHL_2015_ADM1_888,0.00513836206896552
CHL,2019,CHL_2015_ADM1_896,0.00817991379310345
CHL,2019,CHL_2015_ADM1_889,0.00481616379310345
CHL,2019,CHL_2015_ADM1_892,0.00533112068965517
CHL,2019,CHL_2015_ADMx_51_1,0.00531487068965517
CHL,2019,CHL_2015_ADM1_884,0.00654292241379311
CHN,2019,CHN_2015_ADM0_,0.00071214293525
CIV,2018,CIV_2015_ADM1_16845,0.154558698608534
CIV,2018,CIV_2015_ADM1_1053,0.0593133179962894
CIV,2018,CIV_2015_ADM1_16838,0.00444954962894249
CIV,2018,CIV_2015_ADM1_16839,0.0706593151205937
CIV,2018,CIV_2015_ADM1_1041,0.143829909183673
CIV,2018,CIV_2015_ADM1_16840,0.100754048979592
CIV,2018,CIV_2015_ADM1_16843,0.194129459554731
CIV,2018,CIV_2015_ADM1_1051,0.0726291925788497
CIV,2018,CIV_2015_ADM1_16842,0.0817432846011132
CIV,2018,CIV_2015_ADM1_16844,0.13826753432282
CIV,2018,CIV_2015_ADM1_16841,0.0984515081632653
CIV,2018,CIV_2015_ADM1_1040,0.0855291754174397
CIV,2018,CIV_2015_ADM1_16837,0.058443923283859
CIV,2018,CIV_2015_ADM1_1048,0.132530112987013
CMR,2014,CMR_2015_ADM1_815,0.297525102721382
CMR,2014,CMR_2015_ADM1_824,0.0547260225485961
CMR,2014,CMR_2015_ADM1_816,0.0321096646220302
CMR,2014,CMR_2015_ADM1_817,0.180721464535637
CMR,2014,CMR_2015_ADM1_818,0.52937177537797
CMR,2014,CMR_2015_ADM1_819,0.0159231707991361
CMR,2014,CMR_2015_ADM1_820,0.462723301079914
CMR,2014,CMR_2015_ADM1_821,0.344232762073434
CMR,2014,CMR_2015_ADM1_822,0.0814025341684665
CMR,2014,CMR_2015_ADM1_823,0.125683311706263
COD,2012,COD_2015_ADM1_1072,0.110027069985685
COD,2012,COD_2015_ADM1_1067,0.541789715444568
COD,2012,COD_2015_ADM1_1066,0.810801807539367
COD,2012,COD_2015_ADM1_1068,0.795181855893113
COD,2012,COD_2015_ADM1_1075,0.599125244075076
COD,2012,COD_2015_ADM1_1074,0.561526560601241
COD,2012,COD_2015_ADM1_1073,0.733821531573087
COD,2012,COD_2015_ADM1_1076,0.671284390567838
COD,2012,COD_2015_ADM1_1071,0.671573984809925
COD,2012,COD_2015_ADM1_1070,0.799357192222045
COD,2012,COD_2015_ADM1_1069,0.750497484491809
COG,2011,COG_2015_ADM1_190433,0.627026166606965
COG,2011,COG_2015_ADM1_975,0.749437041233831
COG,2011,COG_2015_ADM1_190432,0.259752011820896
COG,2011,COG_2015_ADM1_190434,0.337007919721393
COG,2011,COG_2015_ADM1_976,0.740233929711443
COG,2011,COG_2015_ADM1_974,0.877951587661692
COG,2011,COG_2015_ADM1_970,0.808649631761194
COG,2011,COG_2015_ADM1_190431,0.756265838726368
COG,2011,COG_2015_ADM1_977,0.802334485373135
COG,2011,COG_2015_ADM1_971,0.734065904597015
COG,2011,COG_2015_ADM1_972,0.834504285572139
COG,2011,COG_2015_ADM1_979,0.730082855681592
COL,2019,COL_2015_GADM2_53_14_568,0.0200625560606061
COL,2019,COL_2015_ADM1_938,0.0547762848484849
COL,2019,COL_2015_ADM1_939,0.0394003742424242
COL,2019,COL_2015_ADM1_941,0.0324988515151515
COL,2019,COL_2015_ADM1_942,0.0568484090909091
COL,2019,COL_2015_ADM1_944,0.133013336363636
COL,2019,COL_2015_ADM1_945,0.127453606060606
COL,2019,COL_2015_ADM1_947,0.0690179166666667
COL,2019,COL_2015_ADM1_948,0.0388450681818182
COL,2019,COL_2015_ADM1_946,0.280444621212121
COL,2019,COL_2015_ADM1_952,0.0971357454545455
COL,2019,COL_2015_ADM1_950,0.2252333
COL,2019,COL_2015_ADM1_953,0.103909898484849
COL,2019,COL_2015_ADM1_935,0.0458071560606061
COL,2019,COL_2015_ADM1_954,0.0463120090909091
COL,2019,COL_2015_ADM1_955,0.0641857212121212
COL,2019,COL_2015_ADM1_956,0.120090368181818
COL,2019,COL_2015_ADM1_958,0.0324844363636364
COL,2019,COL_2015_ADM1_959,0.0207600772727273
COL,2019,COL_2015_ADM1_961,0.0262093272727273
COL,2019,COL_2015_ADM1_962,0.0714621454545455
COL,2019,COL_2015_ADM1_963,0.0477445954545455
COL,2019,COL_2015_ADM1_964,0.0430159954545455
COL,2019,COL_2015_ADM1_937,0.0140573545454545
COM,2013,COM_2015_ADM1_969,0.103037415672058
COM,2013,COM_2015_ADM1_967,0.277355710540993
COM,2013,COM_2015_ADM1_968,0.215990384606804
CPV,2015,CPV_2022_GADMx_5_6_9,0.0445511955555556
CPV,2015,CPV_2022_GADM1_20,0.0112106488888889
CPV,2015,CPV_2022_GADMx_8_22,0.0262720251851852
CPV,2015,CPV_2022_GADM1_11,0
CPV,2015,CPV_2022_GADM1_1,0
CPV,2015,CPV_2022_GADM1_3,0.0156795481481481
CPV,2015,CPV_2022_GADMx_7_10_12_14_15_17_18_19_21,0.0185340844444444
CPV,2015,CPV_2022_GADMx_4_13_16,0.0435448385185185
CPV,2015,CPV_2022_GADM1_20,0.0439433985185185
CRI,2019,CRI_2015_DKx_61_1,0.00625275566037736
CRI,2019,CRI_2015_DKx_61_2,0.00766790094339623
CRI,2019,CRI_2015_DKx_61_3,0.0167859933962264
CRI,2019,CRI_2015_DKx_61_4,0.00852247075471698
CRI,2019,CRI_2015_DKx_61_5,0.0129817952830189
CRI,2019,CRI_2015_DKx_61_6,0.0174865896226415
CYP,2020,CYP_2015_ADM0_64,0.000102553333333333
CZE,2020,CZE_2015_ADMx_NUTS_CZ01,0.0001648
CZE,2020,CZE_2015_ADMx_NUTS_CZ04,0
CZE,2020,CZE_2015_ADMx_NUTS_CZ05,0
CZE,2020,CZE_2015_ADMx_NUTS_CZ02,0
CZE,2020,CZE_2015_ADMx_NUTS_CZ03,0
CZE,2020,CZE_2015_ADMx_NUTS_CZ08,0
CZE,2020,CZE_2015_ADMx_NUTS_CZ06,0
CZE,2020,CZE_2015_ADMx_NUTS_CZ07,0.0011036
DEU,2019,DEU_2015_ADM1_1309,0.00086215
DEU,2019,DEU_2015_ADM1_1308,8.152e-05
DEU,2019,DEU_2015_ADM1_1313,0.00236401
DEU,2019,DEU_2015_ADM1_1310,0.0021147
DEU,2019,DEU_2015_ADM1_1311,0.00097821
DEU,2019,DEU_2015_ADM1_1312,8.631e-05
DEU,2019,DEU_2015_ADM1_1321,0.00017505
DEU,2019,DEU_2015_ADM1_1322,0
DEU,2019,DEU_2015_ADM1_1323,0.00081757
DEU,2019,DEU_2015_ADM1_1314,0.00057455
DEU,2019,DEU_2015_ADM1_1315,5.071e-05
DEU,2019,DEU_2015_ADM1_1316,0.00122454
DEU,2019,DEU_2015_ADM1_1317,0.00166177
DEU,2019,DEU_2015_ADM1_1318,0.00101471
DEU,2019,DEU_2015_ADM1_1319,0.00025143
DEU,2019,DEU_2015_ADM1_1320,0
DJI,2017,DJI_2015_DKx_70_5,0.0646089441624365
DJI,2017,DJI_2015_DKx_70_2,0.157909157360406
DJI,2017,DJI_2015_DKx_70_1,0.345180197969543
DJI,2017,DJI_2015_DKx_70_3,0.412471736040609
DJI,2017,DJI_2015_DKx_70_6,0.227681200507614
DJI,2017,DJI_2015_DKx_70_4,0.190301208121827
DNK,2020,DNK_2015_ADM0_69,0.001589888
DOM,2019,DOM_2015_ADM0_72,0.00692236265060241
DZA,2011,DZA_2015_ADM0_4,0.0032732
ECU,2019,ECU_2015_ADM0_73,0.0318318
EGY,2017,EGY_2015_ADM1_EG02,0.0041121962962963
EGY,2017,EGY_2015_ADM1_EG25,0.0528641481481481
EGY,2017,EGY_2015_ADM1_EG28,0.016035753968254
EGY,2017,EGY_2015_ADM1_EG18,0.0176435243386243
EGY,2017,EGY_2015_ADM1_EG22,0.00233839047619048
EGY,2017,EGY_2015_ADMx_EG31to35,0.0417465597883598
EGY,2017,EGY_2015_ADM1_EG01,0.0188626317460317
EGY,2017,EGY_2015_ADM1_EG12,0
EGY,2017,EGY_2015_ADM1_EG11,0
EGY,2017,EGY_2015_ADM1_EG23,0.00916299788359789
EGY,2017,EGY_2015_ADM1_EG16,0
EGY,2017,EGY_2015_ADM1_EG21,0.00220805238095238
EGY,2017,EGY_2015_ADM1_EG19,0.00624543386243386
EGY,2017,EGY_2015_ADM1_EG15,0.0039252126984127
EGY,2017,EGY_2015_ADM1_EG14,0.00481481428571429
EGY,2017,EGY_2015_ADM1_EG29,0.00900594021164021
EGY,2017,EGY_2015_ADM1_EG24,0.0298758
EGY,2017,EGY_2015_ADM1_EG17,0.00280582275132275
EGY,2017,EGY_2015_ADM1_EG03,0.00361109735449736
EGY,2017,EGY_2015_ADM1_EG27,0.0277202248677249
EGY,2017,EGY_2015_ADM1_EG13,0.00485339735449735
EGY,2017,EGY_2015_ADM1_EG26,0.0296925571428571
EGY,2017,EGY_2015_ADM1_EG04,0.00750846825396825
ESP,2020,ESP_2015_ADM1_2727,0.0035871
ESP,2020,ESP_2015_ADM1_2728,0.0090157
ESP,2020,ESP_2015_ADM1_2723,0.0042299
ESP,2020,ESP_2015_ADM1_2720,0.0106268
ESP,2020,ESP_2015_ADM1_2718,0.010487
ESP,2020,ESP_2015_ADM1_2721,0.0045685
ESP,2020,ESP_2015_ADM1_2733,0.0049959
ESP,2020,ESP_2015_ADM1_2732,0.0017926
ESP,2020,ESP_2015_ADM1_2734,0.0067617
ESP,2020,ESP_2015_ADM1_2724,0.0075152
ESP,2020,ESP_2015_ADM1_2726,0.0090654
ESP,2020,ESP_2015_ADM1_2719,0.0084847
ESP,2020,ESP_2015_ADM1_2716,0.0088447
ESP,2020,ESP_2015_ADM1_2731,0.0037081
ESP,2020,ESP_2015_ADM1_2725,0.0110458
ESP,2020,ESP_2015_ADM1_2730,0.0095341
ESP,2020,ESP_2015_ADM1_2722,0.0085128
ESP,2020,ESP_2015_ADM1_2717,0.0073593
ESP,2020,ESP_2015_ADM1_2729,0.0088983
EST,2020,EST_2015_ADM0_78,0.0035683125
ETH,2015,ETH_2015_ADM1_1237,0.141238882615987
ETH,2015,ETH_2015_ADM1_1232,0.125280285354947
ETH,2015,ETH_2015_ADM1_1233,0.0309651143096702
ETH,2015,ETH_2015_ADM1_1227,0.0153201315259922
ETH,2015,ETH_2015_ADM1_1231,0.0383381344885411
ETH,2015,ETH_2015_ADM1_1228,0.13278571000559
ETH,2015,ETH_2015_ADM1_1229,0.170442597764114
ETH,2015,ETH_2015_ADM1_47678,0.0917338253773057
ETH,2015,ETH_2015_ADM1_47679,0.0947779774734489
ETH,2015,ETH_2015_ADM1_1230,0.198937312688653
ETH,2015,ETH_2015_ADM1_1236,0.136602153828955
FIN,2020,FIN_2015_ADMx_NUTS_FI1D,5.2725e-05
FIN,2020,FIN_2015_ADMx_NUTS_FI19,0
FIN,2020,FIN_2015_ADMx_NUTS_FI1B,0.000173325
FIN,2020,FIN_2015_ADMx_NUTS_FI1C,7.53e-05
FJI,2019,FJI_2015_ADM1_40187,0.00705274339622642
FJI,2019,FJI_2015_ADM1_40190,0.0174337518867925
FJI,2019,FJI_2015_ADM1_40188,0.0352867037735849
FJI,2019,FJI_2015_ADM1_40189,0.0146627311320755
FRA,2019,FRA_2015_ADM1_1259,0
FRA,2019,FRA_2015_ADM1_1253,0.00096602
FRA,2019,FRA_2015_ADM1_1248,0
FRA,2019,FRA_2015_ADM1_1257,0
FRA,2019,FRA_2015_ADM1_1266,0.00306592
FRA,2019,FRA_2015_ADM1_1260,0
FRA,2019,FRA_2015_ADM1_1269,0
FRA,2019,FRA_2015_ADM1_1256,0
FRA,2019,FRA_2015_ADM1_1267,0
FRA,2019,FRA_2015_ADM1_1258,0
FRA,2019,FRA_2015_ADM1_1254,0
FRA,2019,FRA_2015_ADM1_1251,0
FRA,2019,FRA_2015_ADM1_1252,0
FRA,2019,FRA_2015_ADM1_1265,0
FRA,2019,FRA_2015_ADM1_1263,0
FRA,2019,FRA_2015_ADM1_1264,0
FRA,2019,FRA_2015_ADM1_1262,0.00122254
FRA,2019,FRA_2015_ADM1_1270,0
FRA,2019,FRA_2015_ADM1_1250,0
FRA,2019,FRA_2015_ADM1_1255,0
FRA,2019,FRA_2015_ADM1_1268,0
FRA,2019,FRA_2015_ADM1_1249,0
FSM,2013,FSM_2015_ADM0_163,0.168067932110092
GAB,2017,GAB_2015_ADM0_89,0.0318678963562753
GBR,2017,GBR_2015_ADMx_NUTS_UKE,0.0013401
GBR,2017,GBR_2015_ADMx_NUTS_UKF,0.0013695
GBR,2017,GBR_2015_ADMx_NUTS_UKI,0.0051773
GBR,2017,GBR_2015_ADMx_NUTS_UKJ,0.001295
GBR,2017,GBR_2015_ADMx_NUTS_UKG,0.0033898
GBR,2017,GBR_2015_ADMx_NUTS_UKH,0.0040024
GBR,2017,GBR_2015_ADMx_NUTS_UKC,0.0012911
GBR,2017,GBR_2015_ADMx_NUTS_UKL,0.0022967
GBR,2017,GBR_2015_ADMx_NUTS_UKM,0.0028478
GBR,2017,GBR_2015_ADMx_NUTS_UKN,0.0048162
GBR,2017,GBR_2015_ADMx_NUTS_UKD,0.0030757
GBR,2017,GBR_2015_ADMx_NUTS_UKK,0.004859
GEO,2019,GEO_2015_ADM1_1305,0.0189082288659794
GEO,2019,GEO_2015_ADM1_1297,0.0514851294845361
GEO,2019,GEO_2015_ADM1_1304,0.0397582573195876
GEO,2019,GEO_2015_ADM1_1307,0.0373540979381443
GEO,2019,GEO_2015_ADMx_92_1,0.0722110068041237
GEO,2019,GEO_2015_ADM1_1298,0.0688743195876289
GEO,2019,GEO_2015_ADM1_1300,0.0782033905154639
GEO,2019,GEO_2015_ADM1_1301,0.0755347546391753
GEO,2019,GEO_2015_ADM1_1302,0.0879903593814433
GEO,2019,GEO_2015_ADM1_1306,0.0512776531958763
GHA,2016,GHA_2015_ADM1_1333,0.142339495752372
GHA,2016,GHA_2015_ADM1_1331,0.642857542973339
GHA,2016,GHA_2015_ADM1_1326,0.114166043425215
GHA,2016,GHA_2015_ADM1_1328,0.0199530142792589
GHA,2016,GHA_2015_ADM1_1332,0.312785138047899
GHA,2016,GHA_2015_ADM1_1327,0.109340392227745
GHA,2016,GHA_2015_ADM1_1324,0.101381140804338
GHA,2016,GHA_2015_ADM1_1325,0.241196258698599
GHA,2016,GHA_2015_ADM1_1329,0.542021880388613
GHA,2016,GHA_2015_ADM1_1330,0.53485495594216
GIN,2018,GIN_2015_ADM1_40700,0.0986207919161677
GIN,2018,GIN_2015_ADM1_40701,0.00492844760479042
GIN,2018,GIN_2015_ADM1_40702,0.201226836826347
GIN,2018,GIN_2015_ADM1_40703,0.0249977110778443
GIN,2018,GIN_2015_ADM1_40704,0.173145839820359
GIN,2018,GIN_2015_ADM1_40705,0.231312943113772
GIN,2018,GIN_2015_ADM1_40706,0.0819023353293413
GIN,2018,GIN_2015_ADM1_40707,0.104005949101796
GMB,2020,GMB_2015_GADM2_GMB_GMB.1_1_GMB.1.1,0
GMB,2020,GMB_2015_GADM2_GMB_GMB.1_1_GMB.1.2,0.00548307956521739
GMB,2020,GMB_2015_GADM1_GMB_GMB.6_1,0.130823950501672
GMB,2020,GMB_2015_GADM1_GMB_GMB.2_1,0.212908608762542
GMB,2020,GMB_2015_GADM1_GMB_GMB.4_1,0.298096541638796
GMB,2020,GMB_2015_GADMx_90_1,0.484050208026756
GMB,2020,GMB_2015_GADMx_90_2,0.223934813645485
GMB,2020,GMB_2015_GADM1_GMB_GMB.5_1,0.235387525518395
GNB,2018,GNB_2015_ADM1_1393,0.234367138542163
GNB,2018,GNB_2015_ADM1_1391,0.264192632444021
GNB,2018,GNB_2015_ADM1_1390,0.295627260028585
GNB,2018,GNB_2015_ADM1_1386,0.106910260076227
GNB,2018,GNB_2015_ADM1_1387,0.275379645307289
GNB,2018,GNB_2015_ADM1_1385,0.366887751024297
GNB,2018,GNB_2015_ADM1_1389,0.274680701048118
GNB,2018,GNB_2015_ADM1_1388,0.274812778084802
GNB,2018,GNB_2015_ADM1_1392,0.0154286088137208
GRC,2020,GRC_2015_ADMx_NUTS_EL4,0.0136224347826087
GRC,2020,GRC_2015_ADMx_NUTS_EL3,0.00592389710144928
GRC,2020,GRC_2015_ADMx_NUTS_EL6,0.00467422173913044
GRC,2020,GRC_2015_ADMx_NUTS_EL5,0.00846694202898551
GTM,2014,GTM_2015_ADM0_103,0.0571921442060086
GUY,1998,GUY_2015_ADM0_107,0.0283193522727273
HND,2019,HND_2015_ADM0_111,0.102724103061224
HRV,2020,HRV_2015_ADM0_62,0.00265275
HTI,2012,HTI_2015_ADM1_1409,0.270068549080735
HTI,2012,HTI_2015_ADM1_1417,0.319252764348521
HTI,2012,HTI_2015_ADM1_1410,0.418516518784972
HTI,2012,HTI_2015_ADM1_72911,0.449015902238209
HTI,2012,HTI_2015_ADM1_72912,0.354086781135092
HTI,2012,HTI_2015_ADM1_1412,0.432906583053557
HTI,2012,HTI_2015_ADM1_1413,0.529469858752998
HTI,2012,HTI_2015_ADM1_1414,0.522399107354117
HTI,2012,HTI_2015_ADM1_1415,0.12855551294964
HTI,2012,HTI_2015_ADM1_1416,0.321312077857714
HUN,2020,HUN_2015_ADMx_NUTS_HU1,0.0045122
HUN,2020,HUN_2015_ADMx_NUTS_HU3,0.00336358
HUN,2020,HUN_2015_ADMx_NUTS_HU2,0.00210936
IDN,2019,IDN_2015_ADM1_73618,0.0027611801369863
IDN,2019,IDN_2015_ADM1_1518,0.00625486301369863
IDN,2019,IDN_2015_ADM1_73622,0.0230843452054795
IDN,2019,IDN_2015_ADM1_1514,0.00591215342465753
IDN,2019,IDN_2015_ADM1_1526,0.0190954589041096
IDN,2019,IDN_2015_ADM1_73609,0
IDN,2019,IDN_2015_ADM1_1512,0.00916849109589041
IDN,2019,IDN_2015_ADM1_1537,0.00506717328767123
IDN,2019,IDN_2015_ADM1_1535,0.00192868219178082
IDN,2019,IDN_2015_ADM1_1513,0.00734957876712329
IDN,2019,IDN_2015_ADM1_1528,0.0417542164383562
IDN,2019,IDN_2015_ADM1_1529,0.0731626232876712
IDN,2019,IDN_2015_ADM1_1522,0.00748458835616438
IDN,2019,IDN_2015_ADM1_1524,0.00507612191780822
IDN,2019,IDN_2015_ADM1_1523,0.00344866438356164
IDN,2019,IDN_2015_ADM1_1525,0.000475332876712329
IDN,2019,IDN_2015_ADM1_73621,0.0230922383561644
IDN,2019,IDN_2015_ADM1_1532,0.0147744636986301
IDN,2019,IDN_2015_ADM1_73620,0.0410158397260274
IDN,2019,IDN_2015_ADM1_1533,0.0549808883561644
IDN,2019,IDN_2015_ADM1_73611,0.0726837568493151
IDN,2019,IDN_2015_ADM1_73619,0.0530612924657534
IDN,2019,IDN_2015_ADM1_73615,0.00928826506849315
IDN,2019,IDN_2015_ADM1_73616,0.00436440753424658
IDN,2019,IDN_2015_ADM1_73612,0.0183332191780822
IDN,2019,IDN_2015_ADM1_73617,0.0313551739726027
IDN,2019,IDN_2015_ADM1_1516,2.43678082191781e-06
IDN,2019,IDN_2015_ADM1_73613,0.0191837520547945
IDN,2019,IDN_2015_ADM1_1520,0.0342567328767123
IDN,2019,IDN_2015_ADM1_73614,2.03753424657534e-05
IDN,2019,IDN_2015_ADM1_1521,0.0242433534246575
IDN,2019,IDN_2015_ADM1_73610,0.00426110821917808
IDN,2019,IDN_2015_ADM1_1515,0.014924204109589
IND,2019,IND_2015_ADM0_,0.0754344049277123
IRL,2019,IRL_2015_ADM0_119,9.14666666666667e-05
IRN,2019,IRN_2015_ADM1_1556,0.00169278
IRN,2019,IRN_2015_ADM1_1545,0.00163008
IRN,2019,IRN_2015_ADM1_1543,0.00039822
IRN,2019,IRN_2015_ADM1_1559,0.08447352
IRN,2019,IRN_2015_ADM1_1553,0.00247656
IRN,2019,IRN_2015_ADM1_1546,0.00405696
IRN,2019,IRN_2015_ADM1_1541,0.00454554
IRN,2019,IRN_2015_ADM1_1555,0.00078108
IRN,2019,IRN_2015_ADM1_1549,0.000951
IRN,2019,IRN_2015_ADM1_1552,0.00881784
IRN,2019,IRN_2015_ADM1_1540,0.0021513
IRN,2019,IRN_2015_ADM1_1563,0.00593634
IRN,2019,IRN_2015_ADM1_1557,0.00075606
IRN,2019,IRN_2015_ADM1_1558,0.00342186
IRN,2019,IRN_2015_ADM1_1562,0.01246692
IRN,2019,IRN_2015_ADM1_1548,0.0117057
IRN,2019,IRN_2015_ADMx_117_2,0
IRN,2019,IRN_2015_ADM1_33110,0.00031602
IRN,2019,IRN_2015_ADM1_33113,0
IRN,2019,IRN_2015_ADM1_33112,0
IRN,2019,IRN_2015_ADM1_33111,0.0051342
IRN,2019,IRN_2015_ADMx_117_3,0.00300204
IRN,2019,IRN_2015_ADMx_117_4,0.01675308
IRN,2019,IRN_2015_ADM1_1542,0.00508206
IRN,2019,IRN_2015_ADMx_117_5,0
IRN,2019,IRN_2015_ADM1_1561,0.00766596
IRN,2019,IRN_2015_ADM1_1539,0.00049122
IRN,2019,IRN_2015_ADM1_1551,0.00114402
IRN,2019,IRN_2015_ADM1_1544,0.00166212
IRN,2019,IRN_2015_ADM1_1550,0.01961958
IRN,2019,IRN_2015_ADMx_117_1,0.0016482
IRQ,2012,IRQ_2015_ADM1_1574,0
IRQ,2012,IRQ_2015_ADM1_1578,0.0028692
IRQ,2012,IRQ_2015_ADM1_1580,0.0006144
IRQ,2012,IRQ_2015_ADM1_1570,0
IRQ,2012,IRQ_2015_ADM1_1569,0
IRQ,2012,IRQ_2015_ADM1_1575,0
IRQ,2012,IRQ_2015_ADM1_1564,0
IRQ,2012,IRQ_2015_ADM1_1572,0
IRQ,2012,IRQ_2015_ADM1_1571,0
IRQ,2012,IRQ_2015_ADM1_1576,0
IRQ,2012,IRQ_2015_ADM1_1581,0.0113044
IRQ,2012,IRQ_2015_ADM1_1579,0
IRQ,2012,IRQ_2015_ADM1_1568,0
IRQ,2012,IRQ_2015_ADM1_1567,0.00679
IRQ,2012,IRQ_2015_ADM1_1566,0
IRQ,2012,IRQ_2015_ADM1_1573,0
IRQ,2012,IRQ_2015_ADM1_1577,0
IRQ,2012,IRQ_2015_ADM1_1565,0
ISL,2017,ISL_2015_ADM0_114,0.0019693
ISR,2018,ISR_2015_ADM1_1610,0.000340913208192
ISR,2018,ISR_2015_ADM1_1611,0.00352444589136
ISR,2018,ISR_2015_ADM1_1614,0.002296578213552
ISR,2018,ISR_2015_ADM1_1613,0.00587372392416
ISR,2018,ISR_2015_ADM1_1615,0.000509309861808
ISR,2018,ISR_2015_ADM1_1612,0.003438488021472
ISR,2018,ISR_2015_,0.002983750104912
ITA,2019,ITA_2015_ADMx_NUTS_ITF,0.0128390111111111
ITA,2019,ITA_2015_ADMx_NUTS_ITC,0.0091364
ITA,2019,ITA_2015_ADMx_NUTS_ITG,0.0263618444444444
ITA,2019,ITA_2015_ADMx_NUTS_ITH,0.00488654444444445
ITA,2019,ITA_2015_ADMx_NUTS_ITI,0.00819886666666667
JAM,2004,JAM_2015_ADM0_123,0.0117725
JOR,2010,JOR_2015_ADMx_130_1,0
JOR,2010,JOR_2015_ADMx_130_2,0
JOR,2010,JOR_2015_ADMx_130_3,0.0003767
JOR,2010,JOR_2015_ADMx_130_4,0.0021886
JPN,2013,JPN_2015_ADMx_126_2,0.0037171985023
JPN,2013,JPN_2015_ADM1_1661,0
JPN,2013,JPN_2015_ADMx_126_1,0.0033966486808
JPN,2013,JPN_2015_ADMx_126_5,0.0311004556715
JPN,2013,JPN_2015_ADMx_126_6,0.0109397992492
JPN,2013,JPN_2015_ADMx_126_3,0.0088741546497
JPN,2013,JPN_2015_ADMx_126_4,0.0027911425568
JPN,2013,JPN_2015_ADMx_126_7,0.0135047864169
KAZ,2018,KAZ_2015_ADM1_1714,0.0002329
KAZ,2018,KAZ_2015_ADM1_1721,0
KAZ,2018,KAZ_2015_ADM1_1724,0
KAZ,2018,KAZ_2015_ADM1_1728,0
KAZ,2018,KAZ_2015_ADM1_1725,0
KAZ,2018,KAZ_2015_ADM1_1726,0
KAZ,2018,KAZ_2015_ADM1_1727,0
KAZ,2018,KAZ_2015_ADM1_1715,0
KAZ,2018,KAZ_2015_ADM1_1716,0.00047425
KAZ,2018,KAZ_2015_ADM1_1717,0
KAZ,2018,KAZ_2015_ADM1_1729,0
KAZ,2018,KAZ_2015_ADM1_1718,0
KAZ,2018,KAZ_2015_ADM1_1719,0.00017805
KAZ,2018,KAZ_2015_ADM1_1720,0
KAZ,2018,KAZ_2015_ADM2_37174,0
KAZ,2018,KAZ_2015_ADM2_37157,0
KEN,2015,KEN_2015_GADM1_KEN_KEN.28_1,0.0662974036755387
KEN,2015,KEN_2015_GADM1_KEN_KEN.25_1,0.49105835652725
KEN,2015,KEN_2015_GADM1_KEN_KEN.9_1,0.201403035614702
KEN,2015,KEN_2015_GADM1_KEN_KEN.26_1,0.156194679214195
KEN,2015,KEN_2015_GADM1_KEN_KEN.41_1,0.148529601140684
KEN,2015,KEN_2015_GADM1_KEN_KEN.6_1,0.221367902408112
KEN,2015,KEN_2015_GADM1_KEN_KEN.18_1,0.381945703041825
KEN,2015,KEN_2015_GADM1_KEN_KEN.22_1,0.125419499493029
KEN,2015,KEN_2015_GADM1_KEN_KEN.23_1,0.257903029024081
KEN,2015,KEN_2015_GADM1_KEN_KEN.35_1,0.252550396958175
KEN,2015,KEN_2015_GADM1_KEN_KEN.36_1,0.0821039217997465
KEN,2015,KEN_2015_GADM1_KEN_KEN.19_1,0.3281764504436
KEN,2015,KEN_2015_GADM1_KEN_KEN.15_1,0.117460812674271
KEN,2015,KEN_2015_GADM1_KEN_KEN.29_1,0.178129606844106
KEN,2015,KEN_2015_GADM1_KEN_KEN.13_1,0.116064772243346
KEN,2015,KEN_2015_GADM1_KEN_KEN.43_1,0.692560845373891
KEN,2015,KEN_2015_GADM1_KEN_KEN.47_1,0.541207807097592
KEN,2015,KEN_2015_GADM1_KEN_KEN.37_1,0.713470201140685
KEN,2015,KEN_2015_GADM1_KEN_KEN.42_1,0.336863933079848
KEN,2015,KEN_2015_GADM1_KEN_KEN.44_1,0.31255120747782
KEN,2015,KEN_2015_GADM1_KEN_KEN.5_1,0.377417096958175
KEN,2015,KEN_2015_GADM1_KEN_KEN.32_1,0.307665752217998
KEN,2015,KEN_2015_GADM1_KEN_KEN.14_1,0.279011396831432
KEN,2015,KEN_2015_GADM1_KEN_KEN.1_1,0.297900542839037
KEN,2015,KEN_2015_GADM1_KEN_KEN.20_1,0.396591933460076
KEN,2015,KEN_2015_GADM1_KEN_KEN.31_1,0.242117098352345
KEN,2015,KEN_2015_GADM1_KEN_KEN.33_1,0.242505303802281
KEN,2015,KEN_2015_GADM1_KEN_KEN.10_1,0.243540271989861
KEN,2015,KEN_2015_GADM1_KEN_KEN.12_1,0.203775660329531
KEN,2015,KEN_2015_GADM1_KEN_KEN.2_1,0.488899735741445
KEN,2015,KEN_2015_GADM1_KEN_KEN.11_1,0.302870037135615
KEN,2015,KEN_2015_GADM1_KEN_KEN.45_1,0.251828885931559
KEN,2015,KEN_2015_GADM1_KEN_KEN.3_1,0.314065282636248
KEN,2015,KEN_2015_GADM1_KEN_KEN.40_1,0.407594290367554
KEN,2015,KEN_2015_GADM1_KEN_KEN.4_1,0.579595593282636
KEN,2015,KEN_2015_GADM1_KEN_KEN.38_1,0.289207042332066
KEN,2015,KEN_2015_GADM1_KEN_KEN.17_1,0.167264394043093
KEN,2015,KEN_2015_GADM1_KEN_KEN.8_1,0.265914293029151
KEN,2015,KEN_2015_GADM1_KEN_KEN.27_1,0.308668730671736
KEN,2015,KEN_2015_GADM1_KEN_KEN.16_1,0.426609600506971
KEN,2015,KEN_2015_GADM1_KEN_KEN.34_1,0.276639722306717
KEN,2015,KEN_2015_ADM1_51328,0.0225398820025349
KEN,2015,KEN_2015_GADM1_KEN_KEN.21_1,0.17719356400507
KEN,2015,KEN_2015_GADM1_KEN_KEN.39_1,0.178312148922687
KEN,2015,KEN_2015_GADM1_KEN_KEN.7_1,0.450002436501901
KEN,2015,KEN_2015_GADM1_KEN_KEN.46_1,0.345563451457541
KEN,2015,KEN_2015_GADM1_KEN_KEN.24_1,0.640252774017744
KGZ,2019,KGZ_2015_ADM1_1748,0.00712695757575758
KGZ,2019,KGZ_2015_ADM1_1749,0.0239248
KGZ,2019,KGZ_2015_ADM1_147293,0.00268798181818182
KGZ,2019,KGZ_2015_GADM1_122_6,0
KGZ,2019,KGZ_2015_ADM1_1750,0.00836495151515152
KGZ,2019,KGZ_2015_ADM1_1751,0.00145090909090909
KGZ,2019,KGZ_2015_ADM1_1752,0.00885227272727273
KGZ,2019,KGZ_2015_ADM1_1746,0.00997580606060606
KGZ,2019,KGZ_2015_ADM1_147294,0.009633
KIR,2019,KIR_2015_ADM0_135,0.0128756740331492
KOR,2016,KOR_2015_ADM0_202,0.0023
LAO,2018,LAO_2018_ADM_10,0.0121385385196375
LAO,2018,LAO_2018_ADM_11,0.0732403013595166
LAO,2018,LAO_2018_ADM_14,0.074774080060423
LAO,2018,LAO_2018_ADM_15,0.0923320951661631
LAO,2018,LAO_2018_ADM_12,0.0710405566465257
LAO,2018,LAO_2018_ADM_13,0.101180404833837
LAO,2018,LAO_2018_ADM_1,0.00834023640483384
LAO,2018,LAO_2018_ADM_6,0.0467830241691843
LAO,2018,LAO_2018_ADM_7,0.0894495709969789
LAO,2018,LAO_2018_ADM_8,0.0552779101208459
LAO,2018,LAO_2018_ADM_9,0.103258956193353
LAO,2018,LAO_2018_ADM_16,0.0262480906344411
LAO,2018,LAO_2018_ADM_17,0.0942797235649547
LAO,2018,LAO_2018_ADM_18,0.00945965332326284
LAO,2018,LAO_2018_ADM_2,0.0166230339879154
LAO,2018,LAO_2018_ADM_3,0.0296738512084592
LAO,2018,LAO_2018_ADM_4,0.0970891903323263
LAO,2018,LAO_2018_ADM_5,0.0479731087613293
LBN,2011,LBN_2015_ADM1_1798,0
LBN,2011,LBN_2015_ADM1_1801,0
LBN,2011,LBN_2015_ADM1_1799,0
LBN,2011,LBN_2015_ADM1_1797,0
LBN,2011,LBN_2015_ADM1_1800,0
LBN,2011,LBN_2015_ADM1_1802,0
LBR,2016,LBR_2015_ADM2_147290,0.0569728557409225
LBR,2016,LBR_2015_ADM1_1818,0.34943558155054
LBR,2016,LBR_2015_ADM1_1819,0.201774957409225
LBR,2016,LBR_2015_ADM1_1820,0.406184497742885
LBR,2016,LBR_2015_ADM1_1821,0.489043486751717
LBR,2016,LBR_2015_ADM1_1822,0.343967175368008
LBR,2016,LBR_2015_ADM1_1823,0.442426769676153
LBR,2016,LBR_2015_ADM1_1814,0.466850806280667
LBR,2016,LBR_2015_ADM1_1824,0.204022973405299
LBR,2016,LBR_2015_ADM1_1825,0.499441275073601
LBR,2016,LBR_2015_ADM1_1826,0.456847333660451
LBR,2016,LBR_2015_ADM1_1828,0.165116673209028
LBR,2016,LBR_2015_ADM1_1827,0.41326881373896
LBR,2016,LBR_2015_ADM1_1816,0.415611171050049
LBR,2016,LBR_2015_ADM1_1815,0.510293432090284
LBR,2016,LBR_2015_ADM1_1817,0.46846274484789
LCA,2016,LCA_2015_ADM0_209,0.0497634101052632
LKA,2019,LKA_2015_ADM2_25851,0.000795905416666667
LKA,2019,LKA_2015_ADM2_25852,0.00961987541666667
LKA,2019,LKA_2015_ADM2_25853,0.02739801875
LKA,2019,LKA_2015_ADM2_41748,0.00747728416666667
LKA,2019,LKA_2015_ADM2_25830,0.03874717375
LKA,2019,LKA_2015_ADM2_41749,0.04483886125
LKA,2019,LKA_2015_ADM2_25846,0.0202719920833333
LKA,2019,LKA_2015_ADM2_25848,0.0100928120833333
LKA,2019,LKA_2015_ADM2_25847,0.0032967325
LKA,2019,LKA_2015_ADM2_25839,0.05947361875
LKA,2019,LKA_2015_ADM2_25841,0
LKA,2019,LKA_2015_ADM2_25843,0.0492910820833333
LKA,2019,LKA_2015_ADM2_25842,0.0683365216666667
LKA,2019,LKA_2015_ADM2_25840,0.0604765995833333
LKA,2019,LKA_2015_ADM2_25833,0.0219140645833333
LKA,2019,LKA_2015_ADM2_25832,0.0186722975
LKA,2019,LKA_2015_ADM2_25834,0.03469545625
LKA,2019,LKA_2015_ADM2_25837,0.00881056541666667
LKA,2019,LKA_2015_ADM2_25838,0
LKA,2019,LKA_2015_ADM2_25835,0.00826974458333333
LKA,2019,LKA_2015_ADM2_25836,0.0443333075
LKA,2019,LKA_2015_ADM2_25849,0.0420121725
LKA,2019,LKA_2015_ADM2_25850,0.0413898420833333
LKA,2019,LKA_2015_ADM2_25845,0.0455741920833333
LKA,2019,LKA_2015_ADM2_25844,0.0509877225
LSO,2017,LSO_2015_ADM1_1804,0.3157527191582
LSO,2017,LSO_2015_ADM1_1812,0.582600437590711
LSO,2017,LSO_2015_ADM1_1805,0.305227345428157
LSO,2017,LSO_2015_ADM1_1803,0.346017478955007
LSO,2017,LSO_2015_ADM1_1807,0.251946228592163
LSO,2017,LSO_2015_ADM1_1806,0.392348052975327
LSO,2017,LSO_2015_ADM1_1808,0.380883566037736
LSO,2017,LSO_2015_ADM1_1811,0.400831996371553
LSO,2017,LSO_2015_ADM1_1810,0.345729851233672
LSO,2017,LSO_2015_ADM1_1809,0.469559673439768
LTU,2020,LTU_2015_ADM0_147,0.00184769818181818
LUX,2020,LUX_2015_ADM0_148,0
LVA,2020,LVA_2015_ADM0_140,0.00369466666666667
MAR,2013,MAR_2015_DKx_154_1,0.0025753
MAR,2013,MAR_2015_DKx_154_10,0
MAR,2013,MAR_2015_DKx_268_1,0
MAR,2013,MAR_2015_DKx_268_2,0
MAR,2013,MAR_2015_DKx_154_2,0.009568923
MAR,2013,MAR_2015_DKx_154_3,0.011065509
MAR,2013,MAR_2015_DKx_154_4,0.001796977
MAR,2013,MAR_2015_DKx_154_5,0.014381276
MAR,2013,MAR_2015_DKx_154_6,0.001765127
MAR,2013,MAR_2015_DKx_154_7,0.007769307
MAR,2013,MAR_2015_DKx_154_8,0.049729134
MAR,2013,MAR_2015_DKx_154_9,0.012255789
MDA,2019,MDA_2015_GADMx_147_3,0
MDA,2019,MDA_2015_GADMx_147_1,0
MDA,2019,MDA_2015_GADMx_147_5,0
MDA,2019,MDA_2015_GADMx_147_2,0
MDG,2012,MDG_2015_ADM1_41752,0.449923632863492
MDG,2012,MDG_2015_ADM1_41770,0.853591048330159
MDG,2012,MDG_2015_ADM1_41765,0.948268860253968
MDG,2012,MDG_2015_ADM1_41761,0.890289224863492
MDG,2012,MDG_2015_ADM1_41763,0.845603977092064
MDG,2012,MDG_2015_ADM1_41751,0.933714177612698
MDG,2012,MDG_2015_ADM1_41771,0.903396909473016
MDG,2012,MDG_2015_ADM1_41764,0.828318241003175
MDG,2012,MDG_2015_ADM1_41757,0.962510084647619
MDG,2012,MDG_2015_ADM1_41758,0.718228284533334
MDG,2012,MDG_2015_ADM1_41753,0.869555149803175
MDG,2012,MDG_2015_ADM1_41750,0.848492803530159
MDG,2012,MDG_2015_ADM1_41760,0.664324600520635
MDG,2012,MDG_2015_ADM1_41769,0.892088751580953
MDG,2012,MDG_2015_ADM1_41759,0.903867345384127
MDG,2012,MDG_2015_ADM1_41766,0.897507612571429
MDG,2012,MDG_2015_ADM1_41756,0.809616126971429
MDG,2012,MDG_2015_ADM1_41754,0.974375468507937
MDG,2012,MDG_2015_ADM1_41755,0.917681180939683
MDG,2012,MDG_2015_ADM1_41767,0.812400467326984
MDG,2012,MDG_2015_ADM1_41762,0.580660675504762
MDG,2012,MDG_2015_ADM1_41768,0.816887801587302
MDV,2019,MDV_2015_ADM1_1905,0
MDV,2019,MDV_2015_ADM1_1914,0
MDV,2019,MDV_2015_ADM1_1915,0
MDV,2019,MDV_2015_ADM1_1916,0
MDV,2019,MDV_2015_ADM1_1917,0
MDV,2019,MDV_2015_ADM1_1918,0
MDV,2019,MDV_2015_ADM1_1921,0
MDV,2019,MDV_2015_ADM1_1922,0
MDV,2019,MDV_2015_ADM1_1923,0
MDV,2019,MDV_2015_ADM1_1906,0
MDV,2019,MDV_2015_ADM1_1924,0
MDV,2019,MDV_2015_ADM1_1925,0
MDV,2019,MDV_2015_ADM1_1907,0
MDV,2019,MDV_2015_ADM1_1908,0
MDV,2019,MDV_2015_ADM1_1909,0
MDV,2019,MDV_2015_ADM1_1910,0
MDV,2019,MDV_2015_ADM1_1911,0
MDV,2019,MDV_2015_ADM1_1913,0
MEX,2019,MEX_2015_ADM1_2028,0.015133637037037
MEX,2019,MEX_2015_ADM1_2037,0.0213219111111111
MEX,2019,MEX_2015_ADM1_2038,0.0147259037037037
MEX,2019,MEX_2015_ADM1_2039,0.059239237037037
MEX,2019,MEX_2015_ADM1_2040,0.0191897037037037
MEX,2019,MEX_2015_ADM1_2041,0.0103086296296296
MEX,2019,MEX_2015_ADM1_2042,0.0160873777777778
MEX,2019,MEX_2015_ADM1_2043,0.0201863851851852
MEX,2019,MEX_2015_ADM1_2044,0.0281385703703704
MEX,2019,MEX_2015_ADM1_2045,0.0194650296296296
MEX,2019,MEX_2015_ADM1_2046,0.00771018518518519
MEX,2019,MEX_2015_ADM1_2029,0.00804825185185185
MEX,2019,MEX_2015_ADM1_2047,0.0402572296296296
MEX,2019,MEX_2015_ADM1_2048,0.032790837037037
MEX,2019,MEX_2015_ADM1_2049,0.00876374074074074
MEX,2019,MEX_2015_ADM1_2050,0.042240162962963
MEX,2019,MEX_2015_ADM1_2051,0.0290028444444444
MEX,2019,MEX_2015_ADM1_2052,0.0110384592592593
MEX,2019,MEX_2015_ADM1_2053,0.013807362962963
MEX,2019,MEX_2015_ADM1_2054,0.0253642074074074
MEX,2019,MEX_2015_ADM1_2055,0.0146553407407407
MEX,2019,MEX_2015_ADM1_2056,0.0296937259259259
MEX,2019,MEX_2015_ADM1_2030,0.0142168074074074
MEX,2019,MEX_2015_ADM1_2057,0.0282088074074074
MEX,2019,MEX_2015_ADM1_2058,0.0296596666666667
MEX,2019,MEX_2015_ADM1_2059,0.0207666962962963
MEX,2019,MEX_2015_ADM1_2031,0.0248467185185185
MEX,2019,MEX_2015_ADM1_2034,0.017661762962963
MEX,2019,MEX_2015_ADM1_2035,0.00962174074074074
MEX,2019,MEX_2015_ADM1_2032,0.0698198518518518
MEX,2019,MEX_2015_ADM1_2033,0.0166228740740741
MEX,2019,MEX_2015_ADM1_2036,0.00918385925925926
MKD,2020,MKD_2015_ADMx_NUTS_MK004,0.0101184516541353
MKD,2020,MKD_2015_ADMx_NUTS_MK003,0.00404709191729323
MKD,2020,MKD_2015_ADMx_NUTS_MK005,0.00379242127819549
MKD,2020,MKD_2015_ADM1_51329,0.055411807406015
MKD,2020,MKD_2015_ADM1_2948,0.0284202110150376
MKD,2020,MKD_2015_ADMx_NUTS_MK006,0.0663394226691729
MKD,2020,MKD_2015_ADMx_NUTS_MK001,0.00182527011278195
MKD,2020,MKD_2015_ADM1_40188,0.000552568007518797
MLI,2018,MLI_2015_ADM1_1928,0.0805290033220339
MLI,2018,MLI_2015_,0.0200010621694915
MLI,2018,MLI_2015_,0.14537447240678
MLI,2018,MLI_2015_ADM1_1930,0.068114078779661
MLI,2018,MLI_2015_ADM1_1933,0.246502090305085
MLI,2018,MLI_2015_ADM1_1932,0.20135565640678
MLI,2018,MLI_2015_ADM1_1931,0.224357286711864
MLI,2018,MLI_2015_ADM1_1934,0.125672087932203
MLI,2018,MLI_2015_ADM1_1927,0.186395666915254
MLI,2018,MLI_2015_ADM1_1929,0
MLI,2018,MLI_2015_ADM1_1926,0.00302568779661017
MLT,2020,MLT_2015_ADM0_156,0.00203333333333333
MMR,2017,MMR_2017_ADM_15,0.00954984444444444
MMR,2017,MMR_2017_ADM_4,0.0940492452991453
MMR,2017,MMR_2017_ADM_9,0.0510984111111111
MMR,2017,MMR_2017_ADM_11,0.010838735042735
MMR,2017,MMR_2017_ADM_14,0.0277548683760684
MMR,2017,MMR_2017_ADM_2,0.00939694615384615
MMR,2017,MMR_2017_ADM_7,0.0368670136752137
MMR,2017,MMR_2017_ADM_8,0.00782374871794872
MMR,2017,MMR_2017_ADM_10,0.0050718264957265
MMR,2017,MMR_2017_ADM_5,0.0869186025641025
MMR,2017,MMR_2017_ADM_13,0.0518631495726496
MMR,2017,MMR_2017_ADM_1,0.0277467170940171
MMR,2017,MMR_2017_ADM_12,0.0358530435897436
MMR,2017,MMR_2017_ADM_6,0
MMR,2017,MMR_2017_ADM_3,0.286893017094017
MNE,2019,MNE_2015_ADM1_2101,0.045240150859375
MNE,2019,MNE_2015_ADM1_25365,0.01109688203125
MNE,2019,MNE_2015_ADMx_2647_1,0.008756995625
MNE,2019,MNE_2015_ADM1_2104,0.02298816765625
MNG,2018,MNG_2015_ADM1_2081,0.00414241016949153
MNG,2018,MNG_2015_ADM1_2095,0.00604220338983051
MNG,2018,MNG_2015_ADM1_2089,0
MNG,2018,MNG_2015_ADM1_2083,0.00297952372881356
MNG,2018,MNG_2015_ADM1_2090,0.00523398305084746
MNG,2018,MNG_2015_ADM1_2091,0
MNG,2018,MNG_2015_ADM1_2078,0.00252717966101695
MNG,2018,MNG_2015_ADM1_2077,0
MNG,2018,MNG_2015_ADM1_2093,0.00222126610169492
MNG,2018,MNG_2015_ADM1_2086,0
MNG,2018,MNG_2015_ADM1_2094,0
MNG,2018,MNG_2015_ADM1_2084,0.0129887491525424
MNG,2018,MNG_2015_ADM1_2092,0
MNG,2018,MNG_2015_ADM1_2082,0
MNG,2018,MNG_2015_ADMx_167_1,0.0101088050847458
MNG,2018,MNG_2015_ADM1_2096,0.00144572033898305
MNG,2018,MNG_2015_ADM1_2007,0.00444443389830508
MNG,2018,MNG_2015_ADM1_2085,0.00458878983050848
MNG,2018,MNG_2015_ADM1_2075,0.00326512372881356
MNG,2018,MNG_2015_ADM1_2088,0.00365402033898305
MNG,2018,MNG_2015_ADM1_2076,0.00352721186440678
MNG,2018,MNG_2015_ADM1_2087,0.00422262711864407
MOZ,2014,MOZ_2015_ADM1_2119,0.671008186921134
MOZ,2014,MOZ_2015_ADM1_41373,0.151932726634858
MOZ,2014,MOZ_2015_ADM2_41374,0.080904031714847
MOZ,2014,MOZ_2015_ADM1_2112,0.537714006455234
MOZ,2014,MOZ_2015_ADM1_2118,0.807225861633455
MOZ,2014,MOZ_2015_ADM1_2122,0.81176135279259
MOZ,2014,MOZ_2015_ADM1_2121,0.573271197024979
MOZ,2014,MOZ_2015_ADM1_2115,0.596938627561044
MOZ,2014,MOZ_2015_ADM1_2120,0.681620126298063
MOZ,2014,MOZ_2015_ADM1_2114,0.586717556834129
MOZ,2014,MOZ_2015_ADM1_2113,0.626928405837777
MRT,2014,MRT_2015_ADM1_2010,0.03728749765625
MRT,2014,MRT_2015_ADM1_2009,0.1682851203125
MRT,2014,MRT_2015_ADM1_2015,0.00044638515625
MRT,2014,MRT_2015_ADM1_2012,0
MRT,2014,MRT_2015_ADM1_2013,0.01089104375
MRT,2014,MRT_2015_ADM1_2011,0.05827464453125
MRT,2014,MRT_2015_ADM1_2005,0.0856954328125
MRT,2014,MRT_2015_ADM1_2008,0.0518320734375
MRT,2014,MRT_2015_ADM1_2006,0.05728106796875
MRT,2014,MRT_2015_ADM1_2016,0.08570525546875
MRT,2014,MRT_2015_ADM1_2004,0.01586418515625
MRT,2014,MRT_2015_ADM1_2007,0.00356949375
MRT,2014,MRT_2015_ADM1_2014,0.02594540546875
MUS,2017,MUS_2015_GADM_MUS.8_1,0
MUS,2017,MUS_2015_GADM_MUS.6_1,0
MUS,2017,MUS_2015_GADM_MUS.9_1,0
MUS,2017,MUS_2015_GADM_MUS.3_1,0
MUS,2017,MUS_2015_GADM_MUS.4_1,0
MUS,2017,MUS_2015_GADM_MUS.12_1,0
MUS,2017,MUS_2015_GADM_MUS.7_1,0.0004341
MUS,2017,MUS_2015_GADM_MUS.5_1,0
MUS,2017,MUS_2015_GADM_MUS.2_1,0
MUS,2017,MUS_2015_GADM_MUS.10_1,0.0318276
MWI,2019,MWI_2015_ADM2_19316,0.670278594005213
MWI,2019,MWI_2015_ADM2_19317,0.646234662119896
MWI,2019,MWI_2015_ADM2_42173,0.437690202606429
MWI,2019,MWI_2015_ADM2_19320,0.468282590269331
MWI,2019,MWI_2015_ADM2_19318,0.543264137098176
MWI,2019,MWI_2015_M2_42172,0.443773993918332
MWI,2019,MWI_2015_ADM2_19309,0.834702426238054
MWI,2019,MWI_2015_ADM2_19312,0.687962635534318
MWI,2019,MWI_2015_ADM2_19314,0.783507834665508
MWI,2019,MWI_2015_ADM2_19308,0.847034850217202
MWI,2019,MWI_2015_ADM2_19315,0.772924549261512
MWI,2019,MWI_2015_ADM2_19310,0.621370409296264
MWI,2019,MWI_2015_ADM2_19311,0.825099599218071
MWI,2019,MWI_2015_ADM2_19307,0.790345376368375
MWI,2019,MWI_2015_ADM2_19313,0.804953470026064
MWI,2019,MWI_2015_ADM2_19325,0.814486760990443
MWI,2019,MWI_2015_ADM2_42175,0.827026872806255
MWI,2019,MWI_2015_GADM1_MWI_MWI.28_1,0.665112576368375
MWI,2019,MWI_2015_ADM2_19323,0.657373929192007
MWI,2019,MWI_2015_ADM2_19321,0.411507832493484
MWI,2019,MWI_2015_ADM2_65271,0.754420698088619
MWI,2019,MWI_2015_ADM2_19329,0.747082496785404
MWI,2019,MWI_2015_ADM2_42176,0.776002235534318
MWI,2019,MWI_2015_ADM2_42177,0.864522247871416
MWI,2019,MWI_2015_ADM2_19322,0.838886553866203
MWI,2019,MWI_2015_ADM2_19328,0.828924593570808
MWI,2019,MWI_2015_ADM2_42174,0.795940676889661
MWI,2019,MWI_2015_ADM2_65270,0.728069294005213
MYS,2019,MYS_2015_ADM1_1892,0
MYS,2019,MYS_2015_ADM1_1893,0.00067602
MYS,2019,MYS_2015_ADM1_1897,0
MYS,2019,MYS_2015_ADM1_1900,0
MYS,2019,MYS_2015_ADM1_1895,0
MYS,2019,MYS_2015_ADM1_1896,0
MYS,2019,MYS_2015_ADM1_1891,0
MYS,2019,MYS_2015_ADM1_1903,0
MYS,2019,MYS_2015_ADM1_1904,0.00074331
MYS,2019,MYS_2015_ADM1_1898,0.00028089
MYS,2019,MYS_2015_ADM1_1899,0
MYS,2019,MYS_2015_ADM1_1894,0
MYS,2019,MYS_2015_ADM1_1901,0.00024293
MYS,2019,MYS_2015_ADM1_1902,0
NAM,2015,NAM_2015_ADM1_2140,0.0722827972222222
NAM,2015,NAM_2015_ADM1_2146,0.169129531944444
NAM,2015,NAM_2015_ADM1_2147,0.0900906458333333
NAM,2015,NAM_2015_ADM1_2148,0.124839719444444
NAM,2015,NAM_2015_ADM1_2149,0.165455722222222
NAM,2015,NAM_2015_ADM1_2137,0.280316519444444
NAM,2015,NAM_2015_ADM1_2138,0.0326884597222222
NAM,2015,NAM_2015_ADM1_2139,0.102367065277778
NAM,2015,NAM_2015_ADM1_2141,0.329039676388889
NAM,2015,NAM_2015_ADM1_2142,0.0376453875
NAM,2015,NAM_2015_ADM1_2143,0.356815179166667
NAM,2015,NAM_2015_ADM1_2144,0.130367505555556
NAM,2015,NAM_2015_ADM1_2145,0.299099690277778
NER,2018,NER_2015_ADM1_2202,0.15990179412822
NER,2018,NER_2015_ADM1_2203,0.395418166127422
NER,2018,NER_2015_ADM1_2204,0.495813594048332
NER,2018,NER_2015_ADM1_2205,0.566035809886159
NER,2018,NER_2015_ADM1_2207,0.472680763091672
NER,2018,NER_2015_ADM1_2208,0.440841572977831
NER,2018,NER_2015_ADM1_2209,0.57899929696425
NER,2018,NER_2015_ADM1_2206,0.0420174179348912
NGA,2018,NGA_2015_ADM1_65698,0.205122409928849
NGA,2018,NGA_2015_ADM1_2218,0.0302412123221216
NGA,2018,NGA_2015_ADM1_65701,0.753130008570505
NGA,2018,NGA_2015_ADM1_2219,0.0905828999029754
NGA,2018,NGA_2015_ADM1_65702,0.183387316785252
NGA,2018,NGA_2015_ADM1_65703,0.414012171248383
NGA,2018,NGA_2015_ADM1_65704,0.48873797202458
NGA,2018,NGA_2015_ADM1_2222,0.199000037677878
NGA,2018,NGA_2015_ADM1_2223,0.814536937257439
NGA,2018,NGA_2015_ADM1_2224,0.388307920924968
NGA,2018,NGA_2015_ADM1_2225,0.426569285899094
NGA,2018,NGA_2015_ADM1_2211,0.658113167852523
NGA,2018,NGA_2015_ADM1_2226,0.429975391494179
NGA,2018,NGA_2015_ADM1_2227,0.4020676038163
NGA,2018,NGA_2015_ADM1_2228,0.167639128719276
NGA,2018,NGA_2015_ADM1_2229,0.12084901503881
NGA,2018,NGA_2015_ADM1_2230,0.0131350459249677
NGA,2018,NGA_2015_ADM1_65705,0.456434062742561
NGA,2018,NGA_2015_ADM1_2231,0.571398573900388
NGA,2018,NGA_2015_ADM1_2232,0.0520368575355757
NGA,2018,NGA_2015_ADM1_65706,0.0688931691461837
NGA,2018,NGA_2015_ADM1_2234,0.0391942388421734
NGA,2018,NGA_2015_ADM1_2212,0.190157472186287
NGA,2018,NGA_2015_ADM1_2235,0.05661308538163
NGA,2018,NGA_2015_ADM1_65707,0.451319789456662
NGA,2018,NGA_2015_ADM1_65708,0.165052336028461
NGA,2018,NGA_2015_ADM1_65709,0.825628092496766
NGA,2018,NGA_2015_ADM1_2239,0.831765344437257
NGA,2018,NGA_2015_ADM1_2240,0.609885510834411
NGA,2018,NGA_2015_ADM1_65710,0.64079496587969
NGA,2018,NGA_2015_ADM1_2221,0.270077317917206
NGA,2018,NGA_2015_ADM1_2213,0.0905054015200517
NGA,2018,NGA_2015_ADM1_65699,0.513729753880983
NGA,2018,NGA_2015_ADM1_65700,0.137919842173351
NGA,2018,NGA_2015_ADM1_2215,0.221800475258732
NGA,2018,NGA_2015_ADM1_2217,0.262592730756792
NIC,2014,NIC_2015_ADM0_180,0.0240659663390663
NLD,2020,NLD_2015_ADM0_177,0.00029556
NOR,2020,NOR_2015_ADM0_186,0.0014613
NPL,2010,NPL_2015_ADM1_2153,0.00618198233215548
NPL,2010,NPL_2015_ADM1_2152,0.019712332155477
NPL,2010,NPL_2015_ADM1_2156,0.0182992826855124
NPL,2010,NPL_2015_ADM1_2155,0.0260997561837456
NPL,2010,NPL_2015_ADM1_2154,0.0412752508833922
NRU,2012,NRU_2015_ADM0_173,0.0047861502331
PAK,2018,PAK_2015_ADM1_2276,0.0158201765531062
PAK,2018,PAK_2015_ADM1_2277,0.0324525769539078
PAK,2018,PAK_2015_ADM1_2275,0.0352376783567134
PAK,2018,PAK_2015_ADM1_2272,0.0630157436873748
PAN,2019,PAN_2015_ADM1_93668,0.021537285
PAN,2019,PAN_2015_ADM1_2284,0
PAN,2019,PAN_2015_ADM1_93671,0
PAN,2019,PAN_2015_ADM1_93672,0.105571194
PAN,2019,PAN_2015_GADM1_174_11,0.001853361
PAN,2019,PAN_2015_ADM1_2282,0.000249168
PAN,2019,PAN_2015_ADM1_2283,0.004624746
PAN,2019,PAN_2015_ADM1_93669,0.007736562
PAN,2019,PAN_2015_ADM1_93670,0.009278985
PAN,2019,PAN_2015_ADM1_2286,0.001696674
PAN,2019,PAN_2015_ADM1_2287,0
PAN,2019,PAN_2015_ADM1_2288,0.001536507
PAN,2019,PAN_2015_ADM1_93673,0.004508253
PER,2019,PER_2015_ADM1_2328,0.0378939333333333
PER,2019,PER_2015_ADM1_2337,0.052898848
PER,2019,PER_2015_ADM1_2338,0.000772987333333333
PER,2019,PER_2015_ADM1_2339,0.038935034
PER,2019,PER_2015_ADM1_2340,0.04337279
PER,2019,PER_2015_ADM1_2341,0.00494228066666667
PER,2019,PER_2015_ADM1_2342,0.00435706
PER,2019,PER_2015_ADM1_2343,0.098514882
PER,2019,PER_2015_ADM1_2344,0.00918458466666667
PER,2019,PER_2015_ADM1_2345,0.01024682
PER,2019,PER_2015_ADM1_2346,0.045040158
PER,2019,PER_2015_ADM1_2329,0.0197727906666667
PER,2019,PER_2015_ADM1_2347,0.020123696
PER,2019,PER_2015_ADM1_2348,0.0564926146666667
PER,2019,PER_2015_ADM1_2349,0.0347520293333333
PER,2019,PER_2015_ADM1_2350,0.00575675133333333
PER,2019,PER_2015_ADM1_2351,0.000914205333333333
PER,2019,PER_2015_ADM1_2352,0.0173629146666667
PER,2019,PER_2015_ADM1_2330,0.02831565
PER,2019,PER_2015_ADM1_2331,0.002995446
PER,2019,PER_2015_ADM1_2332,0.0702347766666667
PER,2019,PER_2015_ADM1_2333,0.072730676
PER,2019,PER_2015_ADM1_2334,0.00168169066666667
PER,2019,PER_2015_ADM1_2335,0.0475892433333333
PER,2019,PER_2015_ADM1_2336,0.0619225646666667
PHL,2018,PHL_2015_ADM1_24204,0.0337448
PHL,2018,PHL_2015_ADM1_24262,0.0423855272727273
PHL,2018,PHL_2015_ADM1_24227,0.00736989090909091
PHL,2018,PHL_2015_ADM1_24206,0.00956836363636364
PHL,2018,PHL_2015_ADM1_24252,0.0244213090909091
PHL,2018,PHL_2015_ADM1_24243,0.0286309818181818
PHL,2018,PHL_2015_ADM1_24228,0.00664472727272727
PHL,2018,PHL_2015_ADM1_24253,0.0190514181818182
PHL,2018,PHL_2015_ADM1_24267,0.0150423272727273
PHL,2018,PHL_2015_ADM1_24269,0.0640991272727273
PHL,2018,PHL_2015_ADM1_24257,0.132443709090909
PHL,2018,PHL_2015_ADM1_24221,0.00515090909090909
PHL,2018,PHL_2015_ADM1_24216,0.0194635636363636
PHL,2018,PHL_2015_ADM1_24241,0.0539227636363636
PHL,2018,PHL_2015_ADM1_24242,0.0434610181818182
PHL,2018,PHL_2015_ADM1_24263,0.0271981090909091
PHL,2018,PHL_2015_ADM1_24248,0.00265454545454546
PHL,2018,PHL_2015_ADM1_24275,0.0470880727272727
PHL,2018,PHL_2015_ADM1_24213,0.0022296
PHL,2018,PHL_2015_ADM1_24229,0.002512
PHL,2018,PHL_2015_ADM1_24272,0.0321373818181818
PHL,2018,PHL_2015_ADM1_24200,0.248324581818182
PHL,2018,PHL_2015_ADM1_24258,0.0476412363636364
PHL,2018,PHL_2015_ADM1_24246,0.00786530909090909
PHL,2018,PHL_2015_ADM1_24230,0.0231775272727273
PHL,2018,PHL_2015_ADM1_24244,0.0442370909090909
PHL,2018,PHL_2015_ADM1_24264,0.0376649454545455
PHL,2018,PHL_2015_ADM1_24265,0.0192422545454545
PHL,2018,PHL_2015_ADM1_24209,0.0488563636363636
PHL,2018,PHL_2015_ADM1_24251,0.0353858181818182
PHL,2018,PHL_2015_ADM1_24254,0.0624777454545455
PHL,2018,PHL_2015_ADM1_24259,0.0616186909090909
PHL,2018,PHL_2015_ADM1_24222,0.00752247272727273
PHL,2018,PHL_2015_ADM1_24240,0.0316698181818182
PHL,2018,PHL_2015_ADM1_24218,0.0242838545454545
PHL,2018,PHL_2015_ADM1_24231,0.0503626181818182
PHL,2018,PHL_2015_ADM1_24232,0.0169208
PHL,2018,PHL_2015_ADM1_24233,0.0153519272727273
PHL,2018,PHL_2015_ADM1_24223,0.00212218181818182
PHL,2018,PHL_2015_ADM1_24214,0.0148291636363636
PHL,2018,PHL_2015_ADM1_24234,0.0225661090909091
PHL,2018,PHL_2015_ADM1_24219,0.0121763636363636
PHL,2018,PHL_2015_ADM1_24235,0.00658181818181818
PHL,2018,PHL_2015_ADM1_24236,0.0443085818181818
PHL,2018,PHL_2015_ADM1_24247,0.0224920727272727
PHL,2018,PHL_2015_ADM1_24261,0.0512862545454546
PHL,2018,PHL_2015_ADM1_24255,0.0194429090909091
PHL,2018,PHL_2015_ADM1_24245,0.034928
PHL,2018,PHL_2015_ADM1_24271,0.0326828363636364
PHL,2018,PHL_2015_ADM1_24260,0.0311376727272727
PHL,2018,PHL_2015_ADM1_24274,0.0818058181818182
PHL,2018,PHL_2015_ADM1_24207,0.0120514909090909
PHL,2018,PHL_2015_ADM1_24211,0
PHL,2018,PHL_2015_ADM1_24212,0.00146167272727273
PHL,2018,PHL_2015_ADM1_24276,0.0746629818181818
PHL,2018,PHL_2015_ADM1_24250,0.0170810909090909
PHL,2018,PHL_2015_ADM1_24217,0.0236375272727273
PHL,2018,PHL_2015_ADM1_24208,0.0126122909090909
PHL,2018,PHL_2015_ADM1_67164,0.0375057454545455
PHL,2018,PHL_2015_ADM1_24226,0.0180101090909091
PHL,2018,PHL_2015_ADM1_24256,0.0200667636363636
PHL,2018,PHL_2015_ADM1_24249,0.00422196363636364
PHL,2018,PHL_2015_ADM1_24220,0.0103620363636364
PHL,2018,PHL_2015_ADM1_24270,0.1391752
PHL,2018,PHL_2015_ADM1_24205,0.0290098181818182
PHL,2018,PHL_2015_ADM1_24266,0.0498472727272727
PHL,2018,PHL_2015_ADM1_67163,0.0624304727272727
PHL,2018,PHL_2015_ADM1_67168,0.0540984
PHL,2018,PHL_2015_ADM1_24215,0.0042688
PHL,2018,PHL_2015_ADM1_24237,0.224402909090909
PHL,2018,PHL_2015_ADM1_24268,0.0305305454545455
PHL,2018,PHL_2015_ADM1_67174,0.113189236363636
PHL,2018,PHL_2015_ADM1_24210,0.00173716363636364
PHL,2018,PHL_2015_ADM1_24273,0.0660956363636364
PHL,2018,PHL_2015_ADM1_24224,0.00865010909090909
PHL,2018,PHL_2015_ADM1_24202,0.238973381818182
PHL,2018,PHL_2015_ADM1_67169,0.0678170909090909
PHL,2018,PHL_2015_ADM1_24278,0.0451992
PHL,2018,PHL_2015_ADM1_24203,0.0170287272727273
PHL,2018,PHL_2015_ADM1_24225,0.0280650181818182
PHL,2018,PHL_2015_ADM1_24238,0.131932436363636
PNG,2009,PNG_2015_ADM1_2301,0.451705198232984
PNG,2009,PNG_2015_ADMx_192_4,0.480741459718586
PNG,2009,PNG_2015_ADMx_192_1,0.211149592342932
PNG,2009,PNG_2015_ADMx_192_2,0.394773182100785
PNG,2009,PNG_2015_ADMx_192_3,0.470004018946335
POL,2019,POL_2015_ADMx_NUTS_PL5,0.0045395
POL,2019,POL_2015_ADMx_NUTS_PL6,0.0038096
POL,2019,POL_2015_ADMx_NUTS_PL8,0.0041194
POL,2019,POL_2015_ADMx_NUTS_PL9,0.0039917
POL,2019,POL_2015_ADMx_NUTS_PL7,0.0030123
POL,2019,POL_2015_ADMx_NUTS_PL2,0.0040756
POL,2019,POL_2015_ADMx_NUTS_PL4,0.002211
PRT,2020,PRT_2015_NUTS2_11,0.00734272
PRT,2020,PRT_2015_NUTS2_17,0
PRT,2020,PRT_2015_NUTS2_18,0
PRT,2020,PRT_2015_NUTS2_15,0.00324104
PRT,2020,PRT_2015_NUTS2_16,0.0008778
PRT,2020,PRT_2015_NUTS2_20,0.01254264
PRT,2020,PRT_2015_NUTS2_30,0.00401786
PRY,2019,PRY_2015_ADM2_23849,0
PRY,2019,PRY_2015_ADM1_2312,0.00637382475247525
PRY,2019,PRY_2015_ADM1_2318,0.00378765940594059
PRY,2019,PRY_2015_ADM1_2327,0.019647404950495
PRY,2019,PRY_2015_ADMx_194_1,0.0203451316831683
PRY,2019,PRY_2015_ADM1_2315,0.0174878544554455
PRY,2019,PRY_2015_ADM1_2316,0.0244533811881188
PRY,2019,PRY_2015_ADM1_2322,0.0216217415841584
PSE,2016,PSE_2015_ADMx_91_2,0.000663889655172414
PSE,2016,PSE_2015_ADMx_91_1,0.0070656551724138
ROU,2020,ROU_2015_ADMx_NUTS_RO2,0.012717037037037
ROU,2020,ROU_2015_ADMx_NUTS_RO3,0.00558717592592593
ROU,2020,ROU_2015_ADMx_NUTS_RO1,0.00739541666666667
ROU,2020,ROU_2015_ADMx_NUTS_RO4,0.0146433333333333
RUS,2019,RUS_2015_ADM1_2492,0
RUS,2019,RUS_2015_ADM1_2490,0
RUS,2019,RUS_2015_ADM1_2491,0
RUS,2019,RUS_2015_ADM1_2539,0
RUS,2019,RUS_2015_ADM1_2507,0
RUS,2019,RUS_2015_ADMx_204_4,0
RUS,2019,RUS_2015_ADM1_2505,0
RUS,2019,RUS_2015_ADM1_2509,0
RUS,2019,RUS_2015_ADM1_2565,0
RUS,2019,RUS_2015_ADM1_2511,0
RUS,2019,RUS_2015_ADM1_2524,0
RUS,2019,RUS_2015_ADMx_204_5,0
RUS,2019,RUS_2015_ADM1_2515,0
RUS,2019,RUS_2015_ADM1_2519,0
RUS,2019,RUS_2015_ADM1_2523,0
RUS,2019,RUS_2015_GADM1_UKR_UKR.4_1,
RUS,2019,RUS_2015_ADM1_2553,0
RUS,2019,RUS_2015_ADM1_2526,0
RUS,2019,RUS_2015_ADM1_2527,0
RUS,2019,RUS_2015_ADMx_204_7,0
RUS,2019,RUS_2015_ADM1_2554,0
RUS,2019,RUS_2015_ADM1_2529,0
RUS,2019,RUS_2015_ADM1_2530,0
RUS,2019,RUS_2015_ADM1_2531,0
RUS,2019,RUS_2015_ADM1_2535,0
RUS,2019,RUS_2015_ADM1_2534,0
RUS,2019,RUS_2015_ADM1_2536,0
RUS,2019,RUS_2015_ADM1_2540,0
RUS,2019,RUS_2015_ADM1_2547,0
RUS,2019,RUS_2015_ADM1_2541,0
RUS,2019,RUS_2015_ADM1_2542,0
RUS,2019,RUS_2015_ADM1_2543,0
RUS,2019,RUS_2015_ADM1_2544,0
RUS,2019,RUS_2015_ADM1_2545,0
RUS,2019,RUS_2015_ADM1_2546,0
RUS,2019,RUS_2015_ADM1_2548,0
RUS,2019,RUS_2015_ADM1_2549,0
RUS,2019,RUS_2015_ADM1_2550,0
RUS,2019,RUS_2015_ADM1_2555,0
RUS,2019,RUS_2015_ADM1_2552,0
RUS,2019,RUS_2015_ADM1_2559,0
RUS,2019,RUS_2015_ADM1_2557,0
RUS,2019,RUS_2015_GADM1_UKR_UKR.20_1,0
RUS,2019,RUS_2015_ADM1_2560,0
RUS,2019,RUS_2015_ADM1_2563,0
RUS,2019,RUS_2015_ADM1_2558,0
RUS,2019,RUS_2015_ADM1_2564,0
RUS,2019,RUS_2015_ADMx_204_2,0
RUS,2019,RUS_2015_ADM1_2569,0
RUS,2019,RUS_2015_ADM1_2499,0
RUS,2019,RUS_2015_ADMx_204_6,0
RUS,2019,RUS_2015_ADM1_2501,0
RUS,2019,RUS_2015_ADM1_2576,0
RUS,2019,RUS_2015_ADM1_2487,0
RUS,2019,RUS_2015_ADM1_2516,0
RUS,2019,RUS_2015_ADM1_2494,0
RUS,2019,RUS_2015_ADM1_2497,0
RUS,2019,RUS_2015_ADM1_2503,0
RUS,2019,RUS_2015_ADM1_2508,0
RUS,2019,RUS_2015_ADM1_2489,0
RUS,2019,RUS_2015_ADM1_2510,0
RUS,2019,RUS_2015_ADM1_2514,0
RUS,2019,RUS_2015_ADMx_204_1,0
RUS,2019,RUS_2015_ADM1_2532,0
RUS,2019,RUS_2015_ADM1_2533,0
RUS,2019,RUS_2015_ADM1_2556,0
RUS,2019,RUS_2015_ADM1_2513,0
RUS,2019,RUS_2015_ADM1_2561,0
RUS,2019,RUS_2015_ADM1_2567,0
RUS,2019,RUS_2015_ADM1_2568,0
RUS,2019,RUS_2015_ADM1_2517,0
RUS,2019,RUS_2015_ADM1_2498,0
RUS,2019,RUS_2015_ADM1_2502,0
RUS,2019,RUS_2015_ADM1_2551,0
RUS,2019,RUS_2015_ADM1_2577,0
RUS,2019,RUS_2015_ADM1_2496,0
RUS,2019,RUS_2015_ADM1_2571,0
RUS,2019,RUS_2015_ADM1_2493,0
RUS,2019,RUS_2015_ADM1_2495,0
RUS,2019,RUS_2015_ADM1_2574,0
RUS,2019,RUS_2015_ADM1_2572,0
RUS,2019,RUS_2015_ADM1_2573,0
RWA,2016,RWA_2015_ADM2_21996,0.112037489756431
RWA,2016,RWA_2015_ADM2_21977,0.150861120418848
RWA,2016,RWA_2015_ADM2_21985,0.1164716625313
RWA,2016,RWA_2015_ADM2_21995,0.407708185863874
RWA,2016,RWA_2015_ADM2_21980,0.469368199294332
RWA,2016,RWA_2015_ADM2_21997,0.464978872183018
RWA,2016,RWA_2015_ADM2_21981,0.365215917937628
RWA,2016,RWA_2015_ADM2_21993,0.434647638629638
RWA,2016,RWA_2015_ADM2_21999,0.338659271454587
RWA,2016,RWA_2015_ADM2_21987,0.312072727862509
RWA,2016,RWA_2015_ADM2_21982,0.219160064306852
RWA,2016,RWA_2015_ADM2_21983,0.436231877190986
RWA,2016,RWA_2015_ADM2_22002,0.42105477930799
RWA,2016,RWA_2015_ADM2_21998,0.306292722854541
RWA,2016,RWA_2015_ADM2_21991,0.414093607329843
RWA,2016,RWA_2015_ADM2_21990,0.427091529592534
RWA,2016,RWA_2015_ADM2_22001,0.312946910084225
RWA,2016,RWA_2015_ADM2_21994,0.571761790917369
RWA,2016,RWA_2015_ADM2_22000,0.463363195424539
RWA,2016,RWA_2015_ADM2_21976,0.328554048600046
RWA,2016,RWA_2015_ADM2_21988,0.37734905861598
RWA,2016,RWA_2015_ADM2_21975,0.435310922945595
RWA,2016,RWA_2015_ADM2_21979,0.310735525722741
RWA,2016,RWA_2015_ADM2_22003,0.183643223423629
RWA,2016,RWA_2015_ADM2_21992,0.408298730821762
RWA,2016,RWA_2015_ADM2_21978,0.375164874459367
RWA,2016,RWA_2015_ADM2_21984,0.24866666162076
RWA,2016,RWA_2015_ADM2_21986,0.391494552128386
RWA,2016,RWA_2015_ADM2_21989,0.33233734281812
RWA,2016,RWA_2015_ADM2_21974,0.359359474960164
SDN,2014,SDN_2020_ADM1_SD12,0.297809110099266
SDN,2014,SDN_2020_ADM1_SD17,0.0903572365990505
SDN,2014,SDN_2020_ADM1_SD10,0.613758069400086
SDN,2014,SDN_2020_ADM1_SD16,0.211644139231765
SDN,2014,SDN_2020_ADM1_SD14,0.258757996763056
SDN,2014,SDN_2020_ADM1_SD03,0.626341345533017
SDN,2014,SDN_2020_ADM1_SD07,0.660026719982736
SDN,2014,SDN_2020_ADM1_SD04,0.658849516529996
SDN,2014,SDN_2020_ADM1_SD18,0.439667034441088
SDN,2014,SDN_2020_ADM1_SD09,0.385278310876133
SDN,2014,SDN_2020_ADM1_SD15,0.281918826801899
SDN,2014,SDN_2020_ADM1_SD08,0.44772172904618
SDN,2014,SDN_2020_ADM1_SD06,0.904937458653431
SDN,2014,SDN_2020_ADM1_SD05,0.58947756102719
SDN,2014,SDN_2020_ADM1_SD11,0.278448471860164
SDN,2014,SDN_2020_ADM1_SD01,0.319452494259819
SDN,2014,SDN_2020_ADM1_SD02,0.644686950107898
SDN,2014,SDN_2020_ADM1_SD13,0.396488248424687
SEN,2018,SEN_2015_ADM1_2636,0
SEN,2018,SEN_2015_ADM1_1375,0.122069111499436
SEN,2018,SEN_2015_ADM1_47588,0.16692863934611
SEN,2018,SEN_2015_ADM1_1378,0.197981734723788
SEN,2018,SEN_2015_ADM1_1374,0.176490060315671
SEN,2018,SEN_2015_ADM1_1376,0.23723311048478
SEN,2018,SEN_2015_ADM1_2645,0.151736500563698
SEN,2018,SEN_2015_ADM1_47585,0.0523941103720406
SEN,2018,SEN_2015_ADM1_47589,0.0960847714768884
SEN,2018,SEN_2015_ADM1_1377,0.206310953213078
SEN,2018,SEN_2015_ADM1_1373,0.129312330665163
SEN,2018,SEN_2015_ADM1_2644,0.0398478505073281
SEN,2018,SEN_2015_ADM1_47587,0.069749619729425
SEN,2018,SEN_2015_ADM1_47586,0.106640127395716
SLB,2012,SLB_2018_GADM1_SLB.7_1,0.487452103199676
SLB,2012,SLB_2018_GADM1_SLB.6_1,0.829354490400972
SLB,2012,SLB_2018_GADM1_SLB.9_1,0.452758191494532
SLB,2012,SLB_2018_GADM1_SLB.4_1,0.0409214472255974
SLB,2012,SLB_2018_GADM1_SLB.10_1,0.311811631591738
SLB,2012,SLB_2018_GADM1_SLB.5_1,0.299131441879303
SLB,2012,SLB_2018_GADM1_SLB.2_1,0.497311660105306
SLB,2012,SLB_2018_GADM1_SLB.8_1,0.240146504495747
SLB,2012,SLB_2018_GADM1_SLB.3_1,0.355900442446335
SLB,2012,SLB_2018_GADM1_SLB.1_1,0.343381761360875
SLE,2018,SLE_2015_ADM2_25406,0.0598915384116694
SLE,2018,SLE_2015_ADM2_25407,0.0771413455429498
SLE,2018,SLE_2015_ADM2_25408,0.032047202917342
SLE,2018,SLE_2015_ADM2_25409,0.060894747649919
SLE,2018,SLE_2015_ADM2_25411,0.0606315876823339
SLE,2018,SLE_2015_ADM2_25413,0.086013640356564
SLE,2018,SLE_2015_ADM2_25410,0.0236636651539708
SLE,2018,SLE_2015_ADM2_25412,0.0360093272285251
SLE,2018,SLE_2015_ADM2_25414,0.047492141815235
SLE,2018,SLE_2015_ADM2_25415,0.0311632205834684
SLE,2018,SLE_2015_ADM2_25416,0.0545049364667747
SLE,2018,SLE_2015_ADM2_25417,0.0908874017828201
SLE,2018,SLE_2015_ADMx_221_1,0.00734395607779579
SLV,2019,SLV_2015_ADM1_1184,0.127840947857143
SLV,2019,SLV_2015_ADM1_1194,0.0661921978571429
SLV,2019,SLV_2015_ADM1_1197,0.0201028121428571
SLV,2019,SLV_2015_ADM1_1192,0.0469256335714286
SLV,2019,SLV_2015_ADM1_1191,0.103866854285714
SLV,2019,SLV_2015_ADM1_1190,0.0420641892857143
SLV,2019,SLV_2015_ADM1_1195,0.0223644878571429
SLV,2019,SLV_2015_ADM1_1196,0.0225243135714286
SLV,2019,SLV_2015_ADM1_1186,0.0569085935714286
SLV,2019,SLV_2015_ADM1_1188,0.0173784457142857
SLV,2019,SLV_2015_ADM1_1193,0.0102548528571429
SLV,2019,SLV_2015_ADM1_1187,0.0476554885714286
SLV,2019,SLV_2015_ADM1_1189,0.0166883107142857
SLV,2019,SLV_2015_ADM1_1185,0.0494402878571429
SOM,2017,SOM_2015_ADM0_226,
SRB,2019,SRB_2015_ADMx_NUTS_RS21,0
SRB,2019,SRB_2015_ADMx_NUTS_RS11,0
SRB,2019,SRB_2015_ADMx_NUTS_RS22,0.0480125
SRB,2019,SRB_2015_ADMx_NUTS_RS12,0
SSD,2016,SSD_2015_ADM0_74,0.746786271678711
STP,2017,STP_2015_ADM1_2621,0.170200608035111
STP,2017,STP_2015_ADM1_2620,0.0390428703578663
SUR,1999,SUR_2015_ADM0_233,
SVK,2020,SVK_2015_ADM0_223,0.00107525
SVN,2020,SVN_2015_ADM0_224,0
SWE,2020,SWE_2015_ADMx_NUTS_SE3,0.0039113625
SWE,2020,SWE_2015_ADMx_NUTS_SE1,0.000374740625
SWE,2020,SWE_2015_ADMx_NUTS_SE2,0.005159303125
SWZ,2016,SWZ_2015_ADM1_2782,0.306557013967311
SWZ,2016,SWZ_2015_ADM1_2784,0.26575403268945
SWZ,2016,SWZ_2015_ADM1_2785,0.402797998216939
SWZ,2016,SWZ_2015_ADM1_2783,0.473166383358098
SYC,2018,SYC_2015_GADMx_203_1,0.0225203377777778
SYC,2018,SYC_2015_GADMx_203_2,0
SYC,2018,SYC_2015_GADMx_203_3,0.0029815
SYC,2018,SYC_2015_GADMx_203_4,0.00450374
SYC,2018,SYC_2015_GADMx_203_5,0.00735794
SYC,2018,SYC_2015_GADMx_203_6,0.00570274222222222
SYR,2003,SYR_2015_ADM0_238,
TCD,2018,TCD_2015_GADM1_47_2,0.354111470854922
TCD,2018,TCD_2015_GADM1_47_13,0.515774306023316
TCD,2018,TCD_2015_GADM1_47_14,0.53545741107513
TCD,2018,TCD_2015_GADM1_47_15,0.537995300064767
TCD,2018,TCD_2015_GADM1_47_16,0.330386727202073
TCD,2018,TCD_2015_GADM1_47_17,0.25743525880829
TCD,2018,TCD_2015_GADM1_47_18,0.335008714766839
TCD,2018,TCD_2015_GADM1_47_20,0.513007354727979
TCD,2018,TCD_2015_GADM1_47_23,0.236911644624352
TCD,2018,TCD_2015_GADM1_47_22,0.0159287153497409
TCD,2018,TCD_2015_GADM1_47_1,0.217656216450777
TCD,2018,TCD_2015_GADM1_47_19,0.297244965608808
TCD,2018,TCD_2015_GADM1_47_4,0.173969353821244
TCD,2018,TCD_2015_GADMx_47_1,0.065230746761658
TCD,2018,TCD_2015_GADM1_47_7,0.510913937629534
TCD,2018,TCD_2015_GADM1_47_8,0.205241884650259
TCD,2018,TCD_2015_GADM1_47_9,0.191401385362694
TCD,2018,TCD_2015_GADM1_47_10,0.385216268264249
TCD,2018,TCD_2015_GADM1_47_11,0.381936148056995
TCD,2018,TCD_2015_GADM1_47_12,0.480831035492228
TGO,2018,TGO_2015_ADMx_243_1,0.239563552230216
TGO,2018,TGO_2015_ADM1_2973,0.265004529496403
TGO,2018,TGO_2015_ADM1_2970,0.273527665035971
TGO,2018,TGO_2015_ADM1_2971,0.380468189928058
TGO,2018,TGO_2015_ADM1_2974,0.501167229928058
TGO,2018,TGO_2015_ADM2_27394,0.0263548730935252
THA,2019,THA_2015_ADM1_2885,0
THA,2019,THA_2015_ADM1_2853,0
THA,2019,THA_2015_ADM1_2906,0
THA,2019,THA_2015_ADM1_2861,0
THA,2019,THA_2015_ADM1_2902,0
THA,2019,THA_2015_ADM1_2858,0
THA,2019,THA_2015_ADM1_2919,0.00011729
THA,2019,THA_2015_ADM1_2855,0
THA,2019,THA_2015_ADM1_2899,0
THA,2019,THA_2015_ADM1_2875,0
THA,2019,THA_2015_ADM1_2904,0
THA,2019,THA_2015_ADM1_2878,0.00043443
THA,2019,THA_2015_ADM1_2854,0
THA,2019,THA_2015_ADM1_2917,0.00055041
THA,2019,THA_2015_ADM1_2911,0
THA,2019,THA_2015_ADM1_2921,0
THA,2019,THA_2015_ADM1_2926,0
THA,2019,THA_2015_ADM1_2857,0
THA,2019,THA_2015_ADM1_2851,0.00229101
THA,2019,THA_2015_ADMx_240_1,0.0006954
THA,2019,THA_2015_ADM1_2883,0
THA,2019,THA_2015_ADM1_2866,0
THA,2019,THA_2015_ADM1_2922,0
THA,2019,THA_2015_ADM1_2870,0
THA,2019,THA_2015_ADMx_240_2,0
THA,2019,THA_2015_ADM1_2873,0
THA,2019,THA_2015_ADM1_2903,0
THA,2019,THA_2015_ADM1_2863,0
THA,2019,THA_2015_ADM1_2905,0
THA,2019,THA_2015_ADM1_2877,0.00011246
THA,2019,THA_2015_ADM1_2874,0
THA,2019,THA_2015_ADM1_2859,0
THA,2019,THA_2015_ADM1_2869,0
THA,2019,THA_2015_ADM1_2868,0
THA,2019,THA_2015_ADM1_2924,0
THA,2019,THA_2015_ADM1_2897,0
THA,2019,THA_2015_ADM1_2886,0
THA,2019,THA_2015_ADM1_2896,0
THA,2019,THA_2015_ADM1_2852,0
THA,2019,THA_2015_ADM1_2871,0
THA,2019,THA_2015_ADM1_2912,0
THA,2019,THA_2015_ADM1_2856,0
THA,2019,THA_2015_ADM1_2909,0
THA,2019,THA_2015_ADM1_2918,0.00435967
THA,2019,THA_2015_ADM1_2914,0.00014206
THA,2019,THA_2015_ADM1_2895,0
THA,2019,THA_2015_ADM1_2894,0
THA,2019,THA_2015_ADM1_2892,0
THA,2019,THA_2015_ADM1_2901,0
THA,2019,THA_2015_ADM1_2865,0
THA,2019,THA_2015_ADM1_2915,0.00012435
THA,2019,THA_2015_ADM1_2876,0
THA,2019,THA_2015_ADM1_2907,0
THA,2019,THA_2015_ADM1_2908,0
THA,2019,THA_2015_ADM1_2893,0
THA,2019,THA_2015_ADM1_2888,0
THA,2019,THA_2015_ADM1_2880,0
THA,2019,THA_2015_ADM1_2867,0
THA,2019,THA_2015_ADM1_2889,0
THA,2019,THA_2015_ADM1_2898,0
THA,2019,THA_2015_ADM1_2916,0
THA,2019,THA_2015_ADM1_2900,0
THA,2019,THA_2015_ADM1_2862,0
THA,2019,THA_2015_ADM1_2913,0
THA,2019,THA_2015_ADM1_2910,0
THA,2019,THA_2015_ADM1_2920,0.00033736
THA,2019,THA_2015_ADM1_2890,0
THA,2019,THA_2015_ADM1_2887,4.731e-05
THA,2019,THA_2015_ADM1_2925,0
THA,2019,THA_2015_ADM1_2882,9.207e-05
THA,2019,THA_2015_ADM1_2860,0
THA,2019,THA_2015_ADM1_2872,0.0022147
THA,2019,THA_2015_ADM1_2881,0
THA,2019,THA_2015_ADM1_2891,0.00050735
THA,2019,THA_2015_ADM1_2864,0
THA,2019,THA_2015_ADM1_2879,0
THA,2019,THA_2015_ADM1_2923,0.00059803
TJK,2015,TJK_2015_ADM1_2850,0.0222277461538462
TJK,2015,TJK_2015_ADM1_2848,0.0274702346153846
TJK,2015,TJK_2015_GADM1_226_1,0.00167609230769231
TJK,2015,TJK_2015_ADM1_2849,0.0196776948717949
TJK,2015,TJK_2015_ADM1_2847,0.013876508974359
TKM,1998,TKM_2015_ADM0_250,0.0099769
TLS,2014,TLS_2015_ADMx_242_2,0.178350228415301
TLS,2014,TLS_2015_ADMx_242_1,0.210296094535519
TLS,2014,TLS_2015_ADMx_242_3,0.0946522409836066
TLS,2014,TLS_2015_ADMx_242_4,0.308490469398907
TLS,2014,TLS_2015_ADM1_2968,0.577709915573771
TON,2015,TON_2015_ADM0_245,0.00656445810810811
TTO,1992,TTO_2015_ADM0_246,0.00266166666666667
TUN,2015,TUN_2015_ADMx_248_3,0
TUN,2015,TUN_2015_ADMx_248_4,0
TUN,2015,TUN_2015_ADMx_248_5,0.0031675
TUN,2015,TUN_2015_ADMx_248_1,0.0004646
TUN,2015,TUN_2015_ADMx_248_2,0.0015466
TUN,2015,TUN_2015_ADMx_248_6,0.002954
TUN,2015,TUN_2015_ADMx_248_7,0
TUR,2019,TUR_2015_ADM0_249,0.000300508333333333
TUV,2010,TUV_2015_ADM0_252,0.0028232
TWN,2016,TWN_2015_ADM0_,0
TZA,2018,TZA_2015_ADM1_48359,0.40631235295755
TZA,2018,TZA_2015_ADM1_48375,0.39604483934122
TZA,2018,TZA_2015_ADM1_115003,0.403049518348411
TZA,2018,TZA_2015_GADMx_243_1,0.299815800695894
TZA,2018,TZA_2015_ADM1_48377,0.545690972488982
TZA,2018,TZA_2015_ADM1_48380,0.563337428531663
TZA,2018,TZA_2015_ADM1_115008,0.639626549385293
TZA,2018,TZA_2015_ADM1_48362,0.630495746137787
TZA,2018,TZA_2015_ADM1_115009,0.544271812201345
TZA,2018,TZA_2015_ADM1_115004,0.566689608536303
TZA,2018,TZA_2015_ADM1_115006,0.564601295662259
TZA,2018,TZA_2015_ADM1_48357,0.363820670099745
TZA,2018,TZA_2015_ADM1_48366,0.444661766086755
TZA,2018,TZA_2015_ADM1_48365,0.473676214335421
TZA,2018,TZA_2015_ADM1_115007,0.312982251542566
TZA,2018,TZA_2015_ADM1_115005,0.489695300765484
TZA,2018,TZA_2015_ADM1_115010,0.582556067362561
TZA,2018,TZA_2015_ADM1_115002,0.605670560334029
TZA,2018,TZA_2015_GADMx_243_2,0.40710362737184
TZA,2018,TZA_2015_ADM1_48363,0.193479971421944
TZA,2018,TZA_2015_ADM1_48381,0.368463175318952
TZA,2018,TZA_2015_ADM1_48368,0.31989590684296
TZA,2018,TZA_2015_ADM1_48373,0.353985371004407
TZA,2018,TZA_2015_ADM1_48358,0.109489672372999
TZA,2018,TZA_2015_ADM1_48364,0.5239672072373
TZA,2018,TZA_2015_ADM1_48369,0.366650895291116
UGA,2019,UGA_2015_ADMx_253_1,0.210193336912752
UGA,2019,UGA_2015_ADMx_253_2,0.495057056375839
UGA,2019,UGA_2015_ADMx_253_3,0.53038370738255
UGA,2019,UGA_2015_ADMx_253_4,0.340001816778524
UKR,2019,UKR_2019_GADM1_UKR.13_1,0
UKR,2019,UKR_2019_GADM1_UKR.15_1,0
UKR,2019,UKR_2019_GADM1_UKR.14_1,0
UKR,2019,UKR_2019_GADM1_UKR.16_1,0
UKR,2019,UKR_2019_GADM1_UKR.24_1,0
UKR,2019,UKR_2019_GADM1_UKR.17_1,0
UKR,2019,UKR_2019_GADM1_UKR.5_1,0
UKR,2019,UKR_2019_GADM1_UKR.6_1,0
UKR,2019,UKR_2019_GADM1_UKR.27_1,0
UKR,2019,UKR_2019_GADM1_UKR23_1,0
UKR,2019,UKR_2019_GADM1_UKR.26_1,0
UKR,2019,UKR_2019_GADM1_UKR.7_1,0
UKR,2019,UKR_2019_GADM1_UKR.12_1,0
UKR,2019,UKR_2019_GADM1_UKR.25_1,0
UKR,2019,UKR_2019_GADM1_UKR.1_1,0
UKR,2019,UKR_2019_GADM1_UKR.3_1,0
UKR,2019,UKR_2019_GADM1_UKR.2_1,0
UKR,2019,UKR_2019_GADM1_UKR.11_1,0
UKR,2019,UKR_2019_GADM1_UKR.22_1,0
UKR,2019,UKR_2019_GADM1_UKR.18_1,0
UKR,2019,UKR_2019_GADM1_UKR.19_1,0
UKR,2019,UKR_2019_GADM1_UKR.21_1,0
UKR,2019,UKR_2019_GADM1_UKR.8_1,0
UKR,2019,UKR_2019_GADM1_UKR.9_1,0
UKR,2019,UKR_2019_GADM1_UKR.10_1,0
URY,2019,URY_2015_ADM0_260,0.00112277
USA,2019,USA_2015_ADM1_3233,0.001287626568225
USA,2019,USA_2015_ADM1_3243,0.00041365783545
USA,2019,USA_2015_ADM1_3259,0.001639501890175
USA,2019,USA_2015_ADM1_3235,0.00175490404945
USA,2019,USA_2015_ADM1_3253,0.00115937169175
USA,2019,USA_2015_ADM1_3220,0.000852866796775
USA,2019,USA_2015_ADM1_3246,0.002881637075925
USA,2019,USA_2015_ADM1_3244,0.002361604245375
USA,2019,USA_2015_ADM1_3252,0.001031347317625
USA,2019,USA_2015_ADM1_3249,0.00159113132395
USA,2019,USA_2015_ADM1_3228,0.001702663488675
USA,2019,USA_2015_ADM1_3227,0.001733700861225
USA,2019,USA_2015_ADM1_3236,0.00166160287335
USA,2019,USA_2015_ADM1_3263,0.00121522997505
USA,2019,USA_2015_ADM1_3237,0.000472373183575
USA,2019,USA_2015_ADM1_3229,0.00161763618235
USA,2019,USA_2015_ADM1_3239,0.000905308523225
USA,2019,USA_2015_ADM1_3248,0.00149539345875
USA,2019,USA_2015_ADM1_3255,0.003174058627325
USA,2019,USA_2015_ADM1_3241,0.0030445489101
USA,2019,USA_2015_ADM1_3230,0.001846683211625
USA,2019,USA_2015_ADM1_3221,0.002428658539425
USA,2019,USA_2015_ADM1_3234,0.00191554182675
USA,2019,USA_2015_ADM1_3222,0.003451748518275
USA,2019,USA_2015_ADM1_3260,0.001703809597525
USA,2019,USA_2015_ADM1_3262,0.0029248916544
USA,2019,USA_2015_ADM1_3247,0.002489156788225
USA,2019,USA_2015_ADM1_3254,0.007840309292075
USA,2019,USA_2015_ADM1_3224,0.0040588900447
USA,2019,USA_2015_ADM1_3223,0.004113350994875
USA,2019,USA_2015_ADM1_3231,0.002509176498275
USA,2019,USA_2015_ADM1_3256,0.0029568565078
USA,2019,USA_2015_ADM1_3214,0.00475062895565
USA,2019,USA_2015_ADM1_3238,0.00578326918185
USA,2019,USA_2015_ADM1_3217,0.0022916388698
USA,2019,USA_2015_ADM1_3232,0.005011647939675
USA,2019,USA_2015_ADM1_3250,0.002769754268225
USA,2019,USA_2015_ADM1_3257,0.00304020778275
USA,2019,USA_2015_ADM1_3240,0.00243946607225
USA,2019,USA_2015_ADM1_3226,0.0009726981516
USA,2019,USA_2015_ADM1_3264,0.001874514389775
USA,2019,USA_2015_ADM1_3219,0.00370944384485
USA,2019,USA_2015_ADM1_3245,0.002249068580575
USA,2019,USA_2015_ADM1_3216,0.000567512644925
USA,2019,USA_2015_ADM1_3258,0.0026435488835
USA,2019,USA_2015_ADM1_3242,0.002065318403775
USA,2019,USA_2015_ADM1_3261,0.001591345062475
USA,2019,USA_2015_ADM1_3251,0.001740560750475
USA,2019,USA_2015_ADM1_3218,0.00252620875835
USA,2019,USA_2015_ADM1_3215,0.0025621817913
USA,2019,USA_2015_ADM1_3225,0.00114815169945
UZB,2003,UZB_2015_ADM0_261,0.181690648715203
VEN,2006,VEN_2015_ADM0_263,
VNM,2018,VNM_2015_ADMx_264_2,0.000288794805194805
VNM,2018,VNM_2015_ADMx_264_5,0
VNM,2018,VNM_2015_ADMx_264_3,0.0138455064935065
VNM,2018,VNM_2015_ADMx_264_6,0
VNM,2018,VNM_2015_ADMx_264_1,0.0216135584415584
VNM,2018,VNM_2015_ADMx_264_4,0.00263721038961039
VUT,2019,VUT_2015_ADM1_3298,0.157409327351351
VUT,2019,VUT_2015_ADM1_3299,0.0294653669189189
VUT,2019,VUT_2015_ADM1_3297,0.138633228972973
VUT,2019,VUT_2015_ADM1_3296,0.140230782486486
VUT,2019,VUT_2015_ADM1_3300,0.392347515891892
VUT,2019,VUT_2015_ADM1_3301,0.296317884324324
WSM,2013,WSM_2015_ADM0_212,0.00682641724137931
YEM,2014,YEM_2015_ADM1_3419,0.781885755268525
YEM,2014,YEM_2015_ADM1_3407,0.702924934908226
YEM,2014,YEM_2015_ADMx_269_1,0.222235375084976
YEM,2014,YEM_2015_ADM1_3410,0.603399261556764
YEM,2014,YEM_2015_ADM1_3425,0.63821885350102
YEM,2014,YEM_2015_ADM1_3412,0.777463509347383
YEM,2014,YEM_2015_ADM1_3418,0.822343638851122
YEM,2014,YEM_2015_ADM1_3411,0.800304895649218
YEM,2014,YEM_2015_ADM1_3417,0.803138423691366
YEM,2014,YEM_2015_ADM1_3416,0.507523681339225
YEM,2014,YEM_2015_ADM1_3424,0.560731002889191
YEM,2014,YEM_2015_ADM1_3422,1
YEM,2014,YEM_2015_ADMx_269_2,0.64618142743032
YEM,2014,YEM_2015_ADM2_32713,0.336792312372536
YEM,2014,YEM_2015_ADM1_3420,0.890887932868797
YEM,2014,YEM_2015_ADM1_3421,0.408221335146159
YEM,2014,YEM_2015_ADM1_3414,0.797580787559483
YEM,2014,YEM_2015_ADM1_3413,0.746625031781101
YEM,2014,YEM_2015_ADM1_3415,0.966073132053025
YEM,2014,YEM_2015_ADM1_3408,0.848488104010877
YEM,2014,YEM_2015_ADMx_269_3,0.697907955302515
YEM,2014,YEM_2015_ADMx_269_4,0.67329456407206
ZAF,2014,ZAF_2015_ADM1_2714,0.0729541721899225
ZAF,2014,ZAF_2015_ADM1_77310,0.379125751308139
ZAF,2014,ZAF_2015_ADM1_77315,0.211449609835271
ZAF,2014,ZAF_2015_ADM1_2707,0.177119859205426
ZAF,2014,ZAF_2015_ADM1_77311,0.298346473498062
ZAF,2014,ZAF_2015_ADM1_77314,0.243797520542636
ZAF,2014,ZAF_2015_ADM1_2708,0.0726915558139535
ZAF,2014,ZAF_2015_ADM1_77313,0.213644992393411
ZAF,2014,ZAF_2015_ADM1_77312,0.365540641085271
ZMB,2015,ZMB_2015_ADM1_3426,0.658224101893628
ZMB,2015,ZMB_2015_ADM1_3434,0.874537142433723
ZMB,2015,ZMB_2015_ADM1_3427,0.365589665535979
ZMB,2015,ZMB_2015_ADMx_270_1,0.797343614885559
ZMB,2015,ZMB_2015_ADM1_3429,0.875095669290302
ZMB,2015,ZMB_2015_ADM1_3430,0.241178664251606
ZMB,2015,ZMB_2015_ADMx_270_2,0.778456423974971
ZMB,2015,ZMB_2015_ADMx_270_3,0.868738775629837
ZMB,2015,ZMB_2015_ADM1_3431,0.723929559822164
ZMB,2015,ZMB_2015_ADM1_3433,0.677165171612054
ZWE,2019,ZWE_2015_ADM1_3435,0.0914047959748428
ZWE,2019,ZWE_2015_ADM1_3437,0.436163446666667
ZWE,2019,ZWE_2015_ADM1_3438,0.537999062012579
ZWE,2019,ZWE_2015_ADM1_69550,0.41953178427673
ZWE,2019,ZWE_2015_ADM1_3440,0.46119878
ZWE,2019,ZWE_2015_ADM1_69549,0.570307104402516
ZWE,2019,ZWE_2015_ADM1_3443,0.470436325534591
ZWE,2019,ZWE_2015_ADM1_3444,0.43177377081761
ZWE,2019,ZWE_2015_ADM1_3441,0.452025455974843
ZWE,2019,ZWE_2015_ADM1_3436,0.181241240377358
